Workbook
Name DESCRIPTORS: 'Helper (Do Not Delete)'!$T$3:$W$7
Name FemaleLearners: INPUT!$B$63:$B$112
Name MaleLearners: INPUT!$B$12:$B$61
Name NewTransmu: 'Helper (Do Not Delete)'!$H$3:$K$43
Name T1_Names: TERM1!$B$12:$B$112
Name TRANSMUTATION_TABLE: 'DO NOT DELETE'!$G$2:$J$42

Sheet INPUT
A1: Class Record
A3: (Waiting for the Official DepEd Order)
B4: REGION | G4: Region IV-A (CALABARZON) | I4: DIVISION | L4: Schools Division of Quezon
B5: SCHOOL NAME | G5: Atimonan Central School Annex | Q5: SCHOOL ID | S5: 108511 | V5: SCHOOL YEAR | Y5: 2025-2026
F7: GRADE & SECTION: | J7: Grade 6 - Rizal | N7: TEACHER: | Q7: Jose Miguel Reyes | W7: SUBJECT: | Y7: Araling Panlipunan
B8: LEARNERS' NAMES
B10: HIGHEST POSSIBLE SCORE
B11: MALE
A12: 1 | B12: Aguilar, Adrian | AS12: =(V12/$V$10)*100 -> #DIV/0!
A13: 2 | B13: Alcantara, Angelo | AS13: =(V13/$V$10)*100 -> #DIV/0!
A14: 3 | B14: Andrada, Anton | AS14: =(V14/$V$10)*100 -> #DIV/0!
A15: 4 | B15: Bautista, Bryan | AS15: =(V15/$V$10)*100 -> #DIV/0!
A16: 5 | B16: Bernardo, Caleb | AS16: =(V16/$V$10)*100 -> #DIV/0!
A17: 6 | B17: Castillo, Carlo | AS17: =(V17/$V$10)*100 -> #DIV/0!
A18: 7 | B18: Cruz, Christian | AS18: =(V18/$V$10)*100 -> #DIV/0!
A19: 8 | B19: Dela Cruz, Daniel | AS19: =(V19/$V$10)*100 -> #DIV/0!
A20: 9 | B20: Diaz, Darren | AS20: =(V20/$V$10)*100 -> #DIV/0!
A21: 10 | B21: Evangelista, Diego | AS21: =(V21/$V$10)*100 -> #DIV/0!
A22: 11 | B22: Fernandez, Ethan | AS22: =(V22/$V$10)*100 -> #DIV/0!
A23: 12 | B23: Garcia, Gabriel | AS23: =(V23/$V$10)*100 -> #DIV/0!
... A61: 50 | B61: Escobar, Gian | AS61: =(V61/$V$10)*100 -> #DIV/0!
B62: FEMALE | AS62: =(V62/$V$10)*100 -> #DIV/0!
A63: 1 | B63: Fernandez, Alyssa | AS63: =(V63/$V$10)*100 -> #DIV/0!
A64: 2 | B64: Garcia, Angela | AS64: =(V64/$V$10)*100 -> #DIV/0!
A65: 3 | B65: Gonzales, Bea | AS65: =(V65/$V$10)*100 -> #DIV/0!
A66: 4 | B66: Hernandez, Bianca | AS66: =(V66/$V$10)*100 -> #DIV/0!
A67: 5 | B67: Ilagan, Camille | AS67: =(V67/$V$10)*100 -> #DIV/0!
A68: 6 | B68: Jimenez, Carla | AS68: =(V68/$V$10)*100 -> #DIV/0!
A69: 7 | B69: Lacson, Chloe | AS69: =(V69/$V$10)*100 -> #DIV/0!
A70: 8 | B70: Lim, Clarisse | AS70: =(V70/$V$10)*100 -> #DIV/0!
A71: 9 | B71: Manalo, Danica | AS71: =(V71/$V$10)*100 -> #DIV/0!
A72: 10 | B72: Mendoza, Diana | AS72: =(V72/$V$10)*100 -> #DIV/0!
A73: 11 | B73: Navarro, Elena | AS73: =(V73/$V$10)*100 -> #DIV/0!
A74: 12 | B74: Ocampo, Ella | AS74: =(V74/$V$10)*100 -> #DIV/0!
... A112: 50 | B112: Evangelista, Danielle | AS112: =(V112/$V$10)*100 -> #DIV/0!

Sheet TERM1
A1: Class Record
B4: REGION | G4: =INPUT!G4 -> Region IV-A (CALABARZON) | I4: DIVISION | L4: =INPUT!L4 -> Schools Division of Quezon
B5: SCHOOL NAME | G5: =INPUT!G5 -> Atimonan Central School Annex | Q5: SCHOOL ID | S5: =INPUT!S5 -> 108511 | V5: SCHOOL YEAR | Z5: =INPUT!Y5 -> 2025-2026
A7: TERM 1 | F7: GRADE & SECTION: | J7: =INPUT!J7 -> Grade 6 - Rizal | N7: TEACHER: | Q7: =INPUT!Q7 -> Jose Miguel Reyes | X7: SUBJECT: | Z7: =INPUT!Y7 -> Araling Panlipunan
B8: LEARNERS' NAMES | F8: WRITTEN / ORAL WORKS (20%) | N8: PRODUCT / PERFORMANCE TASKS (50%) | T8: SUMMATIVE TESTS AND TERM EXAMINATIONS (30%) | Z8: Initial Grade | AA8: TERM GRADE | AB8: DESCRIPTOR
F9: 1 | G9: 2 | H9: 3 | I9: 4 | J9: 5 | K9: Total | L9: PS | M9: WS | N9: 1 | O9: 2 | P9: 3 | Q9: Total | R9: PS | S9: WS | T9: ST1 | U9: ST2 | V9: TE | W9: Total | X9: PS | Y9: WS
B10: HIGHEST POSSIBLE SCORE | F10: 20 | G10: 20 | H10: 20 | I10: 20 | J10: 20 | K10: =IF(COUNT($F10:$J10)=0,"",SUM($F10:$J10)) -> 100 | L10: 100 | M10: 0.2 | N10: 50 | O10: 50 | P10: 50 | Q10: =IF(COUNT($N10:$P10)=0,"",SUM($N10:$P10)) -> 150 | R10: 100 | S10: 0.5 | T10: 40 | U10: 40 | V10: 40 | W10: {=IF(COUNT($T10:$V10=0),"",SUM($T10:$V10))} -> 120 | X10: 100 | Y10: 0.3
B11: MALE | AD11: TEST/EXAM RESULT ANALYSIS | AV11: ST1 | AW11: ST2 | AX11: TE
A12: 1 | B12: =INPUT!B12 -> Aguilar, Adrian | F12: 19 | G12: 18 | H12: 19 | I12: 20 | J12: 20 | K12: =IF(COUNT($F12:$J12)=0,"",SUM($F12:$J12)) -> 96 | L12: =IF(ISERROR(IF($K12="","",ROUND(($K12/$K$10)*$L$10,2))),"",IF($K12="","",ROUND(($K12/$K$10)*$L$10,2))) -> 96 | M12: =IF($L12="","",ROUND($L12*$M$10,2)) -> 19.2 | N12: 50 | O12: 50 | P12: 46 | Q12: =IF(COUNT($N12:$P12)=0,"",SUM($N12:$P12)) -> 146 | R12: =IF(ISERROR(IF($Q12="","",ROUND(($Q12/$Q$10)*$R$10,2))),"",IF($Q12="","",ROUND(($Q12/$Q$10)*$R$10,2))) -> 97.33 | S12: =IF($R12="","",ROUND($R12*$S$10,2)) -> 48.67 | T12: 35 | U12: 38 | V12: 38 | W12: =IF(COUNT($T12:$V12)=0,"",SUM($T12:$V12)) -> 111 | X12: =IF(ISERROR(IF($W12="","",ROUND(($W12/$W$10)*$X$10,2))),"",IF($W12="","",ROUND(($W12/$W$10)*$X$10,2))) -> 92.5 | Y12: =IF($X12="","",ROUND($X12*$Y$10,2)) -> 27.75 | Z12: =IF(ISERROR(IF($W12="","",ROUND(SUM($M12,$S12,$Y12),2))),"",IF($W12="","",ROUND(SUM($M12,$S12,$Y12),2))) -> 95.62 | AA12: =IF(ISERROR(IF($W12="","",VLOOKUP(Z12,NewTransmu,4,TRUE))),"",IF($W12="","",VLOOKUP(Z12,NewTransmu,4,TRUE))) -> 97 | AB12: =IF(ISERROR(IF(AA12="","",VLOOKUP(AA12,DESCRIPTORS,4,TRUE))),"",IF(AA12="","",VLOOKUP(AA12,DESCRIPTORS,4,TRUE))) -> Advancing | AV12: =(T12/$T$10)*100 -> 87.5 | AW12: =(U12/$U$10)*100 -> 95 | AX12: =(V12/$V$10)*100 -> 95
A13: 2 | B13: =INPUT!B13 -> Alcantara, Angelo | F13: 19 | G13: 19 | H13: 20 | I13: 19 | J13: 19 | K13: =IF(COUNT($F13:$J13)=0,"",SUM($F13:$J13)) -> 96 | L13: =IF(ISERROR(IF($K13="","",ROUND(($K13/$K$10)*$L$10,2))),"",IF($K13="","",ROUND(($K13/$K$10)*$L$10,2))) -> 96 | M13: =IF($L13="","",ROUND($L13*$M$10,2)) -> 19.2 | N13: 49 | O13: 50 | P13: 48 | Q13: =IF(COUNT($N13:$P13)=0,"",SUM($N13:$P13)) -> 147 | R13: =IF(ISERROR(IF($Q13="","",ROUND(($Q13/$Q$10)*$R$10,2))),"",IF($Q13="","",ROUND(($Q13/$Q$10)*$R$10,2))) -> 98 | S13: =IF($R13="","",ROUND($R13*$S$10,2)) -> 49 | T13: 35 | U13: 36 | V13: 38 | W13: =IF(COUNT($T13:$V13)=0,"",SUM($T13:$V13)) -> 109 | X13: =IF(ISERROR(IF($W13="","",ROUND(($W13/$W$10)*$X$10,2))),"",IF($W13="","",ROUND(($W13/$W$10)*$X$10,2))) -> 90.83 | Y13: =IF($X13="","",ROUND($X13*$Y$10,2)) -> 27.25 | Z13: =IF(ISERROR(IF($V13="","",ROUND(SUM($M13,$S13,$Y13),2))),"",IF($V13="","",ROUND(SUM($M13,$S13,$Y13),2))) -> 95.45 | AA13: =IF(ISERROR(IF($V13="","",VLOOKUP(Z13,NewTransmu,4,TRUE))),"",IF($V13="","",VLOOKUP(Z13,NewTransmu,4,TRUE))) -> 97 | AB13: =IF(ISERROR(IF(AA13="","",VLOOKUP(AA13,DESCRIPTORS,4,TRUE))),"",IF(AA13="","",VLOOKUP(AA13,DESCRIPTORS,4,TRUE))) -> Advancing | AE13: ST1 | AF13: ST2 | AG13: TE | AV13: =(T13/$T$10)*100 -> 87.5 | AW13: =(U13/$U$10)*100 -> 90 | AX13: =(V13/$V$10)*100 -> 95
A14: 3 | B14: =INPUT!B14 -> Andrada, Anton | F14: 15 | G14: 14 | H14: 16 | I14: 17 | J14: 16 | K14: =IF(COUNT($F14:$J14)=0,"",SUM($F14:$J14)) -> 78 | L14: =IF(ISERROR(IF($K14="","",ROUND(($K14/$K$10)*$L$10,2))),"",IF($K14="","",ROUND(($K14/$K$10)*$L$10,2))) -> 78 | M14: =IF($L14="","",ROUND($L14*$M$10,2)) -> 15.6 | N14: 41 | O14: 39 | P14: 41 | Q14: =IF(COUNT($N14:$P14)=0,"",SUM($N14:$P14)) -> 121 | R14: =IF(ISERROR(IF($Q14="","",ROUND(($Q14/$Q$10)*$R$10,2))),"",IF($Q14="","",ROUND(($Q14/$Q$10)*$R$10,2))) -> 80.67 | S14: =IF($R14="","",ROUND($R14*$S$10,2)) -> 40.34 | T14: 27 | U14: 30 | V14: 29 | W14: =IF(COUNT($T14:$V14)=0,"",SUM($T14:$V14)) -> 86 | X14: =IF(ISERROR(IF($W14="","",ROUND(($W14/$W$10)*$X$10,2))),"",IF($W14="","",ROUND(($W14/$W$10)*$X$10,2))) -> 71.67 | Y14: =IF($X14="","",ROUND($X14*$Y$10,2)) -> 21.5 | Z14: =IF(ISERROR(IF($V14="","",ROUND(SUM($M14,$S14,$Y14),2))),"",IF($V14="","",ROUND(SUM($M14,$S14,$Y14),2))) -> 77.44 | AA14: =IF(ISERROR(IF($V14="","",VLOOKUP(Z14,NewTransmu,4,TRUE))),"",IF($V14="","",VLOOKUP(Z14,NewTransmu,4,TRUE))) -> 79 | AB14: =IF(ISERROR(IF(AA14="","",VLOOKUP(AA14,DESCRIPTORS,4,TRUE))),"",IF(AA14="","",VLOOKUP(AA14,DESCRIPTORS,4,TRUE))) -> Connecting | AD14: Number of Examinees: | AE14: =COUNTA(T12:T112) -> 100 | AF14: =COUNTA(U12:U112) -> 100 | AG14: =COUNTA(V12:V112) -> 100 | AV14: =(T14/$T$10)*100 -> 67.5 | AW14: =(U14/$U$10)*100 -> 75 | AX14: =(V14/$V$10)*100 -> 72.5
A15: 4 | B15: =INPUT!B15 -> Bautista, Bryan | F15: 13 | G15: 14 | H15: 14 | I15: 15 | J15: 15 | K15: =IF(COUNT($F15:$J15)=0,"",SUM($F15:$J15)) -> 71 | L15: =IF(ISERROR(IF($K15="","",ROUND(($K15/$K$10)*$L$10,2))),"",IF($K15="","",ROUND(($K15/$K$10)*$L$10,2))) -> 71 | M15: =IF($L15="","",ROUND($L15*$M$10,2)) -> 14.2 | N15: 35 | O15: 37 | P15: 34 | Q15: =IF(COUNT($N15:$P15)=0,"",SUM($N15:$P15)) -> 106 | R15: =IF(ISERROR(IF($Q15="","",ROUND(($Q15/$Q$10)*$R$10,2))),"",IF($Q15="","",ROUND(($Q15/$Q$10)*$R$10,2))) -> 70.67 | S15: =IF($R15="","",ROUND($R15*$S$10,2)) -> 35.34 | T15: 27 | U15: 26 | V15: 27 | W15: =IF(COUNT($T15:$V15)=0,"",SUM($T15:$V15)) -> 80 | X15: =IF(ISERROR(IF($W15="","",ROUND(($W15/$W$10)*$X$10,2))),"",IF($W15="","",ROUND(($W15/$W$10)*$X$10,2))) -> 66.67 | Y15: =IF($X15="","",ROUND($X15*$Y$10,2)) -> 20 | Z15: =IF(ISERROR(IF($V15="","",ROUND(SUM($M15,$S15,$Y15),2))),"",IF($V15="","",ROUND(SUM($M15,$S15,$Y15),2))) -> 69.54 | AA15: =IF(ISERROR(IF($V15="","",VLOOKUP(Z15,NewTransmu,4,TRUE))),"",IF($V15="","",VLOOKUP(Z15,NewTransmu,4,TRUE))) -> 74 | AB15: =IF(ISERROR(IF(AA15="","",VLOOKUP(AA15,DESCRIPTORS,4,TRUE))),"",IF(AA15="","",VLOOKUP(AA15,DESCRIPTORS,4,TRUE))) -> Developing | AD15: Highest Possible Score: | AE15: =T10 -> 40 | AF15: =U10 -> 40 | AG15: =V10 -> 40 | AV15: =(T15/$T$10)*100 -> 67.5 | AW15: =(U15/$U$10)*100 -> 65 | AX15: =(V15/$V$10)*100 -> 67.5
A16: 5 | B16: =INPUT!B16 -> Bernardo, Caleb | F16: 19 | G16: 18 | H16: 20 | I16: 18 | J16: 19 | K16: =IF(COUNT($F16:$J16)=0,"",SUM($F16:$J16)) -> 94 | L16: =IF(ISERROR(IF($K16="","",ROUND(($K16/$K$10)*$L$10,2))),"",IF($K16="","",ROUND(($K16/$K$10)*$L$10,2))) -> 94 | M16: =IF($L16="","",ROUND($L16*$M$10,2)) -> 18.8 | N16: 49 | O16: 48 | P16: 50 | Q16: =IF(COUNT($N16:$P16)=0,"",SUM($N16:$P16)) -> 147 | R16: =IF(ISERROR(IF($Q16="","",ROUND(($Q16/$Q$10)*$R$10,2))),"",IF($Q16="","",ROUND(($Q16/$Q$10)*$R$10,2))) -> 98 | S16: =IF($R16="","",ROUND($R16*$S$10,2)) -> 49 | T16: 38 | U16: 34 | V16: 33 | W16: =IF(COUNT($T16:$V16)=0,"",SUM($T16:$V16)) -> 105 | X16: =IF(ISERROR(IF($W16="","",ROUND(($W16/$W$10)*$X$10,2))),"",IF($W16="","",ROUND(($W16/$W$10)*$X$10,2))) -> 87.5 | Y16: =IF($X16="","",ROUND($X16*$Y$10,2)) -> 26.25 | Z16: =IF(ISERROR(IF($V16="","",ROUND(SUM($M16,$S16,$Y16),2))),"",IF($V16="","",ROUND(SUM($M16,$S16,$Y16),2))) -> 94.05 | AA16: =IF(ISERROR(IF($V16="","",VLOOKUP(Z16,NewTransmu,4,TRUE))),"",IF($V16="","",VLOOKUP(Z16,NewTransmu,4,TRUE))) -> 96 | AB16: =IF(ISERROR(IF(AA16="","",VLOOKUP(AA16,DESCRIPTORS,4,TRUE))),"",IF(AA16="","",VLOOKUP(AA16,DESCRIPTORS,4,TRUE))) -> Advancing | AV16: =(T16/$T$10)*100 -> 95 | AW16: =(U16/$U$10)*100 -> 85 | AX16: =(V16/$V$10)*100 -> 82.5
A17: 6 | B17: =INPUT!B17 -> Castillo, Carlo | F17: 17 | G17: 19 | H17: 18 | I17: 17 | J17: 19 | K17: =IF(COUNT($F17:$J17)=0,"",SUM($F17:$J17)) -> 90 | L17: =IF(ISERROR(IF($K17="","",ROUND(($K17/$K$10)*$L$10,2))),"",IF($K17="","",ROUND(($K17/$K$10)*$L$10,2))) -> 90 | M17: =IF($L17="","",ROUND($L17*$M$10,2)) -> 18 | N17: 49 | O17: 44 | P17: 45 | Q17: =IF(COUNT($N17:$P17)=0,"",SUM($N17:$P17)) -> 138 | R17: =IF(ISERROR(IF($Q17="","",ROUND(($Q17/$Q$10)*$R$10,2))),"",IF($Q17="","",ROUND(($Q17/$Q$10)*$R$10,2))) -> 92 | S17: =IF($R17="","",ROUND($R17*$S$10,2)) -> 46 | T17: 34 | U17: 31 | V17: 36 | W17: =IF(COUNT($T17:$V17)=0,"",SUM($T17:$V17)) -> 101 | X17: =IF(ISERROR(IF($W17="","",ROUND(($W17/$W$10)*$X$10,2))),"",IF($W17="","",ROUND(($W17/$W$10)*$X$10,2))) -> 84.17 | Y17: =IF($X17="","",ROUND($X17*$Y$10,2)) -> 25.25 | Z17: =IF(ISERROR(IF($V17="","",ROUND(SUM($M17,$S17,$Y17),2))),"",IF($V17="","",ROUND(SUM($M17,$S17,$Y17),2))) -> 89.25 | AA17: =IF(ISERROR(IF($V17="","",VLOOKUP(Z17,NewTransmu,4,TRUE))),"",IF($V17="","",VLOOKUP(Z17,NewTransmu,4,TRUE))) -> 91 | AB17: =IF(ISERROR(IF(AA17="","",VLOOKUP(AA17,DESCRIPTORS,4,TRUE))),"",IF(AA17="","",VLOOKUP(AA17,DESCRIPTORS,4,TRUE))) -> Advancing | AD17: CRITERION-REFERENCED | AE17: ST1 | AF17: ST2 | AG17: TE | AV17: =(T17/$T$10)*100 -> 85 | AW17: =(U17/$U$10)*100 -> 77.5 | AX17: =(V17/$V$10)*100 -> 90
A18: 7 | B18: =INPUT!B18 -> Cruz, Christian | F18: 17 | G18: 18 | H18: 16 | I18: 17 | J18: 17 | K18: =IF(COUNT($F18:$J18)=0,"",SUM($F18:$J18)) -> 85 | L18: =IF(ISERROR(IF($K18="","",ROUND(($K18/$K$10)*$L$10,2))),"",IF($K18="","",ROUND(($K18/$K$10)*$L$10,2))) -> 85 | M18: =IF($L18="","",ROUND($L18*$M$10,2)) -> 17 | N18: 42 | O18: 48 | P18: 43 | Q18: =IF(COUNT($N18:$P18)=0,"",SUM($N18:$P18)) -> 133 | R18: =IF(ISERROR(IF($Q18="","",ROUND(($Q18/$Q$10)*$R$10,2))),"",IF($Q18="","",ROUND(($Q18/$Q$10)*$R$10,2))) -> 88.67 | S18: =IF($R18="","",ROUND($R18*$S$10,2)) -> 44.34 | T18: 32 | U18: 36 | V18: 35 | W18: =IF(COUNT($T18:$V18)=0,"",SUM($T18:$V18)) -> 103 | X18: =IF(ISERROR(IF($W18="","",ROUND(($W18/$W$10)*$X$10,2))),"",IF($W18="","",ROUND(($W18/$W$10)*$X$10,2))) -> 85.83 | Y18: =IF($X18="","",ROUND($X18*$Y$10,2)) -> 25.75 | Z18: =IF(ISERROR(IF($V18="","",ROUND(SUM($M18,$S18,$Y18),2))),"",IF($V18="","",ROUND(SUM($M18,$S18,$Y18),2))) -> 87.09 | AA18: =IF(ISERROR(IF($V18="","",VLOOKUP(Z18,NewTransmu,4,TRUE))),"",IF($V18="","",VLOOKUP(Z18,NewTransmu,4,TRUE))) -> 89 | AB18: =IF(ISERROR(IF(AA18="","",VLOOKUP(AA18,DESCRIPTORS,4,TRUE))),"",IF(AA18="","",VLOOKUP(AA18,DESCRIPTORS,4,TRUE))) -> Benchmarking | AD18: Got 75% & above | AE18: =COUNTIF(AV12:AV112,">=75") -> 75 | AF18: =COUNTIF(AW12:AW112,">=75") -> 77 | AG18: =COUNTIF(AX12:AX112,">=75") -> 79 | AV18: =(T18/$T$10)*100 -> 80 | AW18: =(U18/$U$10)*100 -> 90 | AX18: =(V18/$V$10)*100 -> 87.5
A19: 8 | B19: =INPUT!B19 -> Dela Cruz, Daniel | F19: 19 | G19: 20 | H19: 20 | I19: 19 | J19: 20 | K19: =IF(COUNT($F19:$J19)=0,"",SUM($F19:$J19)) -> 98 | L19: =IF(ISERROR(IF($K19="","",ROUND(($K19/$K$10)*$L$10,2))),"",IF($K19="","",ROUND(($K19/$K$10)*$L$10,2))) -> 98 | M19: =IF($L19="","",ROUND($L19*$M$10,2)) -> 19.6 | N19: 48 | O19: 50 | P19: 50 | Q19: =IF(COUNT($N19:$P19)=0,"",SUM($N19:$P19)) -> 148 | R19: =IF(ISERROR(IF($Q19="","",ROUND(($Q19/$Q$10)*$R$10,2))),"",IF($Q19="","",ROUND(($Q19/$Q$10)*$R$10,2))) -> 98.67 | S19: =IF($R19="","",ROUND($R19*$S$10,2)) -> 49.34 | T19: 39 | U19: 39 | V19: 37 | W19: =IF(COUNT($T19:$V19)=0,"",SUM($T19:$V19)) -> 115 | X19: =IF(ISERROR(IF($W19="","",ROUND(($W19/$W$10)*$X$10,2))),"",IF($W19="","",ROUND(($W19/$W$10)*$X$10,2))) -> 95.83 | Y19: =IF($X19="","",ROUND($X19*$Y$10,2)) -> 28.75 | Z19: =IF(ISERROR(IF($V19="","",ROUND(SUM($M19,$S19,$Y19),2))),"",IF($V19="","",ROUND(SUM($M19,$S19,$Y19),2))) -> 97.69 | AA19: =IF(ISERROR(IF($V19="","",VLOOKUP(Z19,NewTransmu,4,TRUE))),"",IF($V19="","",VLOOKUP(Z19,NewTransmu,4,TRUE))) -> 99 | AB19: =IF(ISERROR(IF(AA19="","",VLOOKUP(AA19,DESCRIPTORS,4,TRUE))),"",IF(AA19="","",VLOOKUP(AA19,DESCRIPTORS,4,TRUE))) -> Advancing | AD19: Percentage | AE19: =IFERROR(AE18/AE14,"") -> 0.75 | AF19: =IFERROR(AF18/AF14,"") -> 0.77 | AG19: =IFERROR(AG18/AG14,"") -> 0.79 | AV19: =(T19/$T$10)*100 -> 97.5 | AW19: =(U19/$U$10)*100 -> 97.5 | AX19: =(V19/$V$10)*100 -> 92.5
A20: 9 | B20: =INPUT!B20 -> Diaz, Darren | F20: 19 | G20: 19 | H20: 18 | I20: 19 | J20: 18 | K20: =IF(COUNT($F20:$J20)=0,"",SUM($F20:$J20)) -> 93 | L20: =IF(ISERROR(IF($K20="","",ROUND(($K20/$K$10)*$L$10,2))),"",IF($K20="","",ROUND(($K20/$K$10)*$L$10,2))) -> 93 | M20: =IF($L20="","",ROUND($L20*$M$10,2)) -> 18.6 | N20: 46 | O20: 47 | P20: 45 | Q20: =IF(COUNT($N20:$P20)=0,"",SUM($N20:$P20)) -> 138 | R20: =IF(ISERROR(IF($Q20="","",ROUND(($Q20/$Q$10)*$R$10,2))),"",IF($Q20="","",ROUND(($Q20/$Q$10)*$R$10,2))) -> 92 | S20: =IF($R20="","",ROUND($R20*$S$10,2)) -> 46 | T20: 35 | U20: 33 | V20: 34 | W20: =IF(COUNT($T20:$V20)=0,"",SUM($T20:$V20)) -> 102 | X20: =IF(ISERROR(IF($W20="","",ROUND(($W20/$W$10)*$X$10,2))),"",IF($W20="","",ROUND(($W20/$W$10)*$X$10,2))) -> 85 | Y20: =IF($X20="","",ROUND($X20*$Y$10,2)) -> 25.5 | Z20: =IF(ISERROR(IF($V20="","",ROUND(SUM($M20,$S20,$Y20),2))),"",IF($V20="","",ROUND(SUM($M20,$S20,$Y20),2))) -> 90.1 | AA20: =IF(ISERROR(IF($V20="","",VLOOKUP(Z20,NewTransmu,4,TRUE))),"",IF($V20="","",VLOOKUP(Z20,NewTransmu,4,TRUE))) -> 92 | AB20: =IF(ISERROR(IF(AA20="","",VLOOKUP(AA20,DESCRIPTORS,4,TRUE))),"",IF(AA20="","",VLOOKUP(AA20,DESCRIPTORS,4,TRUE))) -> Advancing | AD20: Got below 75% | AE20: =AE14-AE18 -> 25 | AF20: =AF14-AF18 -> 23 | AG20: =AG14-AG18 -> 21 | AV20: =(T20/$T$10)*100 -> 87.5 | AW20: =(U20/$U$10)*100 -> 82.5 | AX20: =(V20/$V$10)*100 -> 85
A21: 10 | B21: =INPUT!B21 -> Evangelista, Diego | F21: 17 | G21: 15 | H21: 16 | I21: 16 | J21: 17 | K21: =IF(COUNT($F21:$J21)=0,"",SUM($F21:$J21)) -> 81 | L21: =IF(ISERROR(IF($K21="","",ROUND(($K21/$K$10)*$L$10,2))),"",IF($K21="","",ROUND(($K21/$K$10)*$L$10,2))) -> 81 | M21: =IF($L21="","",ROUND($L21*$M$10,2)) -> 16.2 | N21: 45 | O21: 40 | P21: 41 | Q21: =IF(COUNT($N21:$P21)=0,"",SUM($N21:$P21)) -> 126 | R21: =IF(ISERROR(IF($Q21="","",ROUND(($Q21/$Q$10)*$R$10,2))),"",IF($Q21="","",ROUND(($Q21/$Q$10)*$R$10,2))) -> 84 | S21: =IF($R21="","",ROUND($R21*$S$10,2)) -> 42 | T21: 31 | U21: 34 | V21: 29 | W21: =IF(COUNT($T21:$V21)=0,"",SUM($T21:$V21)) -> 94 | X21: =IF(ISERROR(IF($W21="","",ROUND(($W21/$W$10)*$X$10,2))),"",IF($W21="","",ROUND(($W21/$W$10)*$X$10,2))) -> 78.33 | Y21: =IF($X21="","",ROUND($X21*$Y$10,2)) -> 23.5 | Z21: =IF(ISERROR(IF($V21="","",ROUND(SUM($M21,$S21,$Y21),2))),"",IF($V21="","",ROUND(SUM($M21,$S21,$Y21),2))) -> 81.7 | AA21: =IF(ISERROR(IF($V21="","",VLOOKUP(Z21,NewTransmu,4,TRUE))),"",IF($V21="","",VLOOKUP(Z21,NewTransmu,4,TRUE))) -> 83 | AB21: =IF(ISERROR(IF(AA21="","",VLOOKUP(AA21,DESCRIPTORS,4,TRUE))),"",IF(AA21="","",VLOOKUP(AA21,DESCRIPTORS,4,TRUE))) -> Benchmarking | AD21: Percentage | AE21: =IFERROR(1-AE19,"") -> 0.25 | AF21: =IFERROR(1-AF19,"") -> 0.23 | AG21: =IFERROR(1-AG19,"") -> 0.21 | AV21: =(T21/$T$10)*100 -> 77.5 | AW21: =(U21/$U$10)*100 -> 85 | AX21: =(V21/$V$10)*100 -> 72.5
A22: 11 | B22: =INPUT!B22 -> Fernandez, Ethan | F22: 14 | G22: 13 | H22: 12 | I22: 13 | J22: 12 | K22: =IF(COUNT($F22:$J22)=0,"",SUM($F22:$J22)) -> 64 | L22: =IF(ISERROR(IF($K22="","",ROUND(($K22/$K$10)*$L$10,2))),"",IF($K22="","",ROUND(($K22/$K$10)*$L$10,2))) -> 64 | M22: =IF($L22="","",ROUND($L22*$M$10,2)) -> 12.8 | N22: 34 | O22: 36 | P22: 32 | Q22: =IF(COUNT($N22:$P22)=0,"",SUM($N22:$P22)) -> 102 | R22: =IF(ISERROR(IF($Q22="","",ROUND(($Q22/$Q$10)*$R$10,2))),"",IF($Q22="","",ROUND(($Q22/$Q$10)*$R$10,2))) -> 68 | S22: =IF($R22="","",ROUND($R22*$S$10,2)) -> 34 | T22: 24 | U22: 26 | V22: 25 | W22: =IF(COUNT($T22:$V22)=0,"",SUM($T22:$V22)) -> 75 | X22: =IF(ISERROR(IF($W22="","",ROUND(($W22/$W$10)*$X$10,2))),"",IF($W22="","",ROUND(($W22/$W$10)*$X$10,2))) -> 62.5 | Y22: =IF($X22="","",ROUND($X22*$Y$10,2)) -> 18.75 | Z22: =IF(ISERROR(IF($V22="","",ROUND(SUM($M22,$S22,$Y22),2))),"",IF($V22="","",ROUND(SUM($M22,$S22,$Y22),2))) -> 65.55 | AA22: =IF(ISERROR(IF($V22="","",VLOOKUP(Z22,NewTransmu,4,TRUE))),"",IF($V22="","",VLOOKUP(Z22,NewTransmu,4,TRUE))) -> 72 | AB22: =IF(ISERROR(IF(AA22="","",VLOOKUP(AA22,DESCRIPTORS,4,TRUE))),"",IF(AA22="","",VLOOKUP(AA22,DESCRIPTORS,4,TRUE))) -> Developing | AV22: =(T22/$T$10)*100 -> 60 | AW22: =(U22/$U$10)*100 -> 65 | AX22: =(V22/$V$10)*100 -> 62.5
A23: 12 | B23: =INPUT!B23 -> Garcia, Gabriel | F23: 15 | G23: 15 | H23: 16 | I23: 15 | J23: 15 | K23: =IF(COUNT($F23:$J23)=0,"",SUM($F23:$J23)) -> 76 | L23: =IF(ISERROR(IF($K23="","",ROUND(($K23/$K$10)*$L$10,2))),"",IF($K23="","",ROUND(($K23/$K$10)*$L$10,2))) -> 76 | M23: =IF($L23="","",ROUND($L23*$M$10,2)) -> 15.2 | N23: 42 | O23: 37 | P23: 42 | Q23: =IF(COUNT($N23:$P23)=0,"",SUM($N23:$P23)) -> 121 | R23: =IF(ISERROR(IF($Q23="","",ROUND(($Q23/$Q$10)*$R$10,2))),"",IF($Q23="","",ROUND(($Q23/$Q$10)*$R$10,2))) -> 80.67 | S23: =IF($R23="","",ROUND($R23*$S$10,2)) -> 40.34 | T23: 28 | U23: 30 | V23: 28 | W23: =IF(COUNT($T23:$V23)=0,"",SUM($T23:$V23)) -> 86 | X23: =IF(ISERROR(IF($W23="","",ROUND(($W23/$W$10)*$X$10,2))),"",IF($W23="","",ROUND(($W23/$W$10)*$X$10,2))) -> 71.67 | Y23: =IF($X23="","",ROUND($X23*$Y$10,2)) -> 21.5 | Z23: =IF(ISERROR(IF($V23="","",ROUND(SUM($M23,$S23,$Y23),2))),"",IF($V23="","",ROUND(SUM($M23,$S23,$Y23),2))) -> 77.04 | AA23: =IF(ISERROR(IF($V23="","",VLOOKUP(Z23,NewTransmu,4,TRUE))),"",IF($V23="","",VLOOKUP(Z23,NewTransmu,4,TRUE))) -> 79 | AB23: =IF(ISERROR(IF(AA23="","",VLOOKUP(AA23,DESCRIPTORS,4,TRUE))),"",IF(AA23="","",VLOOKUP(AA23,DESCRIPTORS,4,TRUE))) -> Connecting | AD23: NORM-REFERENCED | AE23: ST1 | AF23: ST2 | AG23: TE | AV23: =(T23/$T$10)*100 -> 70 | AW23: =(U23/$U$10)*100 -> 75 | AX23: =(V23/$V$10)*100 -> 70
A24: 13 | B24: =INPUT!B24 -> Gonzales, Harold | F24: 17 | G24: 18 | H24: 19 | I24: 18 | J24: 18 | K24: =IF(COUNT($F24:$J24)=0,"",SUM($F24:$J24)) -> 90 | L24: =IF(ISERROR(IF($K24="","",ROUND(($K24/$K$10)*$L$10,2))),"",IF($K24="","",ROUND(($K24/$K$10)*$L$10,2))) -> 90 | M24: =IF($L24="","",ROUND($L24*$M$10,2)) -> 18 | N24: 45 | O24: 45 | P24: 49 | Q24: =IF(COUNT($N24:$P24)=0,"",SUM($N24:$P24)) -> 139 | R24: =IF(ISERROR(IF($Q24="","",ROUND(($Q24/$Q$10)*$R$10,2))),"",IF($Q24="","",ROUND(($Q24/$Q$10)*$R$10,2))) -> 92.67 | S24: =IF($R24="","",ROUND($R24*$S$10,2)) -> 46.34 | T24: 35 | U24: 33 | V24: 34 | W24: =IF(COUNT($T24:$V24)=0,"",SUM($T24:$V24)) -> 102 | X24: =IF(ISERROR(IF($W24="","",ROUND(($W24/$W$10)*$X$10,2))),"",IF($W24="","",ROUND(($W24/$W$10)*$X$10,2))) -> 85 | Y24: =IF($X24="","",ROUND($X24*$Y$10,2)) -> 25.5 | Z24: =IF(ISERROR(IF($V24="","",ROUND(SUM($M24,$S24,$Y24),2))),"",IF($V24="","",ROUND(SUM($M24,$S24,$Y24),2))) -> 89.84 | AA24: =IF(ISERROR(IF($V24="","",VLOOKUP(Z24,NewTransmu,4,TRUE))),"",IF($V24="","",VLOOKUP(Z24,NewTransmu,4,TRUE))) -> 91 | AB24: =IF(ISERROR(IF(AA24="","",VLOOKUP(AA24,DESCRIPTORS,4,TRUE))),"",IF(AA24="","",VLOOKUP(AA24,DESCRIPTORS,4,TRUE))) -> Advancing | AD24: Mean | AE24: =IFERROR(AVERAGE(T12:T112),"") -> 31.63 | AF24: =IFERROR(AVERAGE(U12:U112),"") -> 31.66 | AG24: =IFERROR(AVERAGE(V12:V112),"") -> 31.73 | AV24: =(T24/$T$10)*100 -> 87.5 | AW24: =(U24/$U$10)*100 -> 82.5 | AX24: =(V24/$V$10)*100 -> 85
A25: 14 | B25: =INPUT!B25 -> Hernandez, Ivan | F25: 18 | G25: 18 | H25: 18 | I25: 16 | J25: 18 | K25: =IF(COUNT($F25:$J25)=0,"",SUM($F25:$J25)) -> 88 | L25: =IF(ISERROR(IF($K25="","",ROUND(($K25/$K$10)*$L$10,2))),"",IF($K25="","",ROUND(($K25/$K$10)*$L$10,2))) -> 88 | M25: =IF($L25="","",ROUND($L25*$M$10,2)) -> 17.6 | N25: 44 | O25: 45 | P25: 44 | Q25: =IF(COUNT($N25:$P25)=0,"",SUM($N25:$P25)) -> 133 | R25: =IF(ISERROR(IF($Q25="","",ROUND(($Q25/$Q$10)*$R$10,2))),"",IF($Q25="","",ROUND(($Q25/$Q$10)*$R$10,2))) -> 88.67 | S25: =IF($R25="","",ROUND($R25*$S$10,2)) -> 44.34 | T25: 32 | U25: 31 | V25: 31 | W25: =IF(COUNT($T25:$V25)=0,"",SUM($T25:$V25)) -> 94 | X25: =IF(ISERROR(IF($W25="","",ROUND(($W25/$W$10)*$X$10,2))),"",IF($W25="","",ROUND(($W25/$W$10)*$X$10,2))) -> 78.33 | Y25: =IF($X25="","",ROUND($X25*$Y$10,2)) -> 23.5 | Z25: =IF(ISERROR(IF($V25="","",ROUND(SUM($M25,$S25,$Y25),2))),"",IF($V25="","",ROUND(SUM($M25,$S25,$Y25),2))) -> 85.44 | AA25: =IF(ISERROR(IF($V25="","",VLOOKUP(Z25,NewTransmu,4,TRUE))),"",IF($V25="","",VLOOKUP(Z25,NewTransmu,4,TRUE))) -> 87 | AB25: =IF(ISERROR(IF(AA25="","",VLOOKUP(AA25,DESCRIPTORS,4,TRUE))),"",IF(AA25="","",VLOOKUP(AA25,DESCRIPTORS,4,TRUE))) -> Benchmarking | AD25: Median | AE25: =IFERROR(MEDIAN(T12:T112),"") -> 33 | AF25: =IFERROR(MEDIAN(U12:U112),"") -> 32 | AG25: =IFERROR(MEDIAN(V12:V112),"") -> 32.5 | AV25: =(T25/$T$10)*100 -> 80 | AW25: =(U25/$U$10)*100 -> 77.5 | AX25: =(V25/$V$10)*100 -> 77.5
A26: 15 | B26: =INPUT!B26 -> Ilagan, Jacob | F26: 9 | G26: 10 | H26: 11 | I26: 9 | J26: 9 | K26: =IF(COUNT($F26:$J26)=0,"",SUM($F26:$J26)) -> 48 | L26: =IF(ISERROR(IF($K26="","",ROUND(($K26/$K$10)*$L$10,2))),"",IF($K26="","",ROUND(($K26/$K$10)*$L$10,2))) -> 48 | M26: =IF($L26="","",ROUND($L26*$M$10,2)) -> 9.6 | N26: 24 | O26: 23 | P26: 24 | Q26: =IF(COUNT($N26:$P26)=0,"",SUM($N26:$P26)) -> 71 | R26: =IF(ISERROR(IF($Q26="","",ROUND(($Q26/$Q$10)*$R$10,2))),"",IF($Q26="","",ROUND(($Q26/$Q$10)*$R$10,2))) -> 47.33 | S26: =IF($R26="","",ROUND($R26*$S$10,2)) -> 23.67 | T26: 20 | U26: 17 | V26: 21 | W26: =IF(COUNT($T26:$V26)=0,"",SUM($T26:$V26)) -> 58 | X26: =IF(ISERROR(IF($W26="","",ROUND(($W26/$W$10)*$X$10,2))),"",IF($W26="","",ROUND(($W26/$W$10)*$X$10,2))) -> 48.33 | Y26: =IF($X26="","",ROUND($X26*$Y$10,2)) -> 14.5 | Z26: =IF(ISERROR(IF($V26="","",ROUND(SUM($M26,$S26,$Y26),2))),"",IF($V26="","",ROUND(SUM($M26,$S26,$Y26),2))) -> 47.77 | AA26: =IF(ISERROR(IF($V26="","",VLOOKUP(Z26,NewTransmu,4,TRUE))),"",IF($V26="","",VLOOKUP(Z26,NewTransmu,4,TRUE))) -> 63 | AB26: =IF(ISERROR(IF(AA26="","",VLOOKUP(AA26,DESCRIPTORS,4,TRUE))),"",IF(AA26="","",VLOOKUP(AA26,DESCRIPTORS,4,TRUE))) -> Emerging | AD26: SD | AE26: =IFERROR(_xlfn.STDEV.S(T12:T112),"") -> 5.1574306 | AF26: =_xlfn.STDEV.S(U12:U112) -> 5.0875566 | AG26: =_xlfn.STDEV.S(V12:V112) -> 4.7881482 | AV26: =(T26/$T$10)*100 -> 50 | AW26: =(U26/$U$10)*100 -> 42.5 | AX26: =(V26/$V$10)*100 -> 52.5
A27: 16 | B27: =INPUT!B27 -> Jimenez, James | F27: 17 | G27: 16 | H27: 17 | I27: 17 | J27: 17 | K27: =IF(COUNT($F27:$J27)=0,"",SUM($F27:$J27)) -> 84 | L27: =IF(ISERROR(IF($K27="","",ROUND(($K27/$K$10)*$L$10,2))),"",IF($K27="","",ROUND(($K27/$K$10)*$L$10,2))) -> 84 | M27: =IF($L27="","",ROUND($L27*$M$10,2)) -> 16.8 | N27: 48 | O27: 48 | P27: 43 | Q27: =IF(COUNT($N27:$P27)=0,"",SUM($N27:$P27)) -> 139 | R27: =IF(ISERROR(IF($Q27="","",ROUND(($Q27/$Q$10)*$R$10,2))),"",IF($Q27="","",ROUND(($Q27/$Q$10)*$R$10,2))) -> 92.67 | S27: =IF($R27="","",ROUND($R27*$S$10,2)) -> 46.34 | T27: 35 | U27: 34 | V27: 36 | W27: =IF(COUNT($T27:$V27)=0,"",SUM($T27:$V27)) -> 105 | X27: =IF(ISERROR(IF($W27="","",ROUND(($W27/$W$10)*$X$10,2))),"",IF($W27="","",ROUND(($W27/$W$10)*$X$10,2))) -> 87.5 | Y27: =IF($X27="","",ROUND($X27*$Y$10,2)) -> 26.25 | Z27: =IF(ISERROR(IF($V27="","",ROUND(SUM($M27,$S27,$Y27),2))),"",IF($V27="","",ROUND(SUM($M27,$S27,$Y27),2))) -> 89.39 | AA27: =IF(ISERROR(IF($V27="","",VLOOKUP(Z27,NewTransmu,4,TRUE))),"",IF($V27="","",VLOOKUP(Z27,NewTransmu,4,TRUE))) -> 91 | AB27: =IF(ISERROR(IF(AA27="","",VLOOKUP(AA27,DESCRIPTORS,4,TRUE))),"",IF(AA27="","",VLOOKUP(AA27,DESCRIPTORS,4,TRUE))) -> Advancing | AD27: MPS/PL | AE27: =IFERROR(AE24/AE15,"") -> 0.79075 | AF27: =IFERROR(AF24/AF15,"") -> 0.7915 | AG27: =IFERROR(AG24/AG15,"") -> 0.79325 | AV27: =(T27/$T$10)*100 -> 87.5 | AW27: =(U27/$U$10)*100 -> 85 | AX27: =(V27/$V$10)*100 -> 90
A28: 17 | B28: =INPUT!B28 -> Lacson, Jared | F28: 17 | G28: 17 | H28: 19 | I28: 18 | J28: 19 | K28: =IF(COUNT($F28:$J28)=0,"",SUM($F28:$J28)) -> 90 | L28: =IF(ISERROR(IF($K28="","",ROUND(($K28/$K$10)*$L$10,2))),"",IF($K28="","",ROUND(($K28/$K$10)*$L$10,2))) -> 90 | M28: =IF($L28="","",ROUND($L28*$M$10,2)) -> 18 | N28: 47 | O28: 47 | P28: 46 | Q28: =IF(COUNT($N28:$P28)=0,"",SUM($N28:$P28)) -> 140 | R28: =IF(ISERROR(IF($Q28="","",ROUND(($Q28/$Q$10)*$R$10,2))),"",IF($Q28="","",ROUND(($Q28/$Q$10)*$R$10,2))) -> 93.33 | S28: =IF($R28="","",ROUND($R28*$S$10,2)) -> 46.67 | T28: 33 | U28: 33 | V28: 36 | W28: =IF(COUNT($T28:$V28)=0,"",SUM($T28:$V28)) -> 102 | X28: =IF(ISERROR(IF($W28="","",ROUND(($W28/$W$10)*$X$10,2))),"",IF($W28="","",ROUND(($W28/$W$10)*$X$10,2))) -> 85 | Y28: =IF($X28="","",ROUND($X28*$Y$10,2)) -> 25.5 | Z28: =IF(ISERROR(IF($V28="","",ROUND(SUM($M28,$S28,$Y28),2))),"",IF($V28="","",ROUND(SUM($M28,$S28,$Y28),2))) -> 90.17 | AA28: =IF(ISERROR(IF($V28="","",VLOOKUP(Z28,NewTransmu,4,TRUE))),"",IF($V28="","",VLOOKUP(Z28,NewTransmu,4,TRUE))) -> 92 | AB28: =IF(ISERROR(IF(AA28="","",VLOOKUP(AA28,DESCRIPTORS,4,TRUE))),"",IF(AA28="","",VLOOKUP(AA28,DESCRIPTORS,4,TRUE))) -> Advancing | AV28: =(T28/$T$10)*100 -> 82.5 | AW28: =(U28/$U$10)*100 -> 82.5 | AX28: =(V28/$V$10)*100 -> 90
A29: 18 | B29: =INPUT!B29 -> Lim, Jericho | F29: 19 | G29: 18 | H29: 18 | I29: 19 | J29: 18 | K29: =IF(COUNT($F29:$J29)=0,"",SUM($F29:$J29)) -> 92 | L29: =IF(ISERROR(IF($K29="","",ROUND(($K29/$K$10)*$L$10,2))),"",IF($K29="","",ROUND(($K29/$K$10)*$L$10,2))) -> 92 | M29: =IF($L29="","",ROUND($L29*$M$10,2)) -> 18.4 | N29: 44 | O29: 49 | P29: 47 | Q29: =IF(COUNT($N29:$P29)=0,"",SUM($N29:$P29)) -> 140 | R29: =IF(ISERROR(IF($Q29="","",ROUND(($Q29/$Q$10)*$R$10,2))),"",IF($Q29="","",ROUND(($Q29/$Q$10)*$R$10,2))) -> 93.33 | S29: =IF($R29="","",ROUND($R29*$S$10,2)) -> 46.67 | T29: 37 | U29: 36 | V29: 37 | W29: =IF(COUNT($T29:$V29)=0,"",SUM($T29:$V29)) -> 110 | X29: =IF(ISERROR(IF($W29="","",ROUND(($W29/$W$10)*$X$10,2))),"",IF($W29="","",ROUND(($W29/$W$10)*$X$10,2))) -> 91.67 | Y29: =IF($X29="","",ROUND($X29*$Y$10,2)) -> 27.5 | Z29: =IF(ISERROR(IF($V29="","",ROUND(SUM($M29,$S29,$Y29),2))),"",IF($V29="","",ROUND(SUM($M29,$S29,$Y29),2))) -> 92.57 | AA29: =IF(ISERROR(IF($V29="","",VLOOKUP(Z29,NewTransmu,4,TRUE))),"",IF($V29="","",VLOOKUP(Z29,NewTransmu,4,TRUE))) -> 94 | AB29: =IF(ISERROR(IF(AA29="","",VLOOKUP(AA29,DESCRIPTORS,4,TRUE))),"",IF(AA29="","",VLOOKUP(AA29,DESCRIPTORS,4,TRUE))) -> Advancing | AD29: OTHER INFO | AE29: ST1 | AF29: ST2 | AG29: TE | AV29: =(T29/$T$10)*100 -> 92.5 | AW29: =(U29/$U$10)*100 -> 90 | AX29: =(V29/$V$10)*100 -> 92.5
A30: 19 | B30: =INPUT!B30 -> Manalo, Joaquin | F30: 18 | G30: 18 | H30: 18 | I30: 18 | J30: 20 | K30: =IF(COUNT($F30:$J30)=0,"",SUM($F30:$J30)) -> 92 | L30: =IF(ISERROR(IF($K30="","",ROUND(($K30/$K$10)*$L$10,2))),"",IF($K30="","",ROUND(($K30/$K$10)*$L$10,2))) -> 92 | M30: =IF($L30="","",ROUND($L30*$M$10,2)) -> 18.4 | N30: 50 | O30: 47 | P30: 46 | Q30: =IF(COUNT($N30:$P30)=0,"",SUM($N30:$P30)) -> 143 | R30: =IF(ISERROR(IF($Q30="","",ROUND(($Q30/$Q$10)*$R$10,2))),"",IF($Q30="","",ROUND(($Q30/$Q$10)*$R$10,2))) -> 95.33 | S30: =IF($R30="","",ROUND($R30*$S$10,2)) -> 47.67 | T30: 36 | U30: 36 | V30: 38 | W30: =IF(COUNT($T30:$V30)=0,"",SUM($T30:$V30)) -> 110 | X30: =IF(ISERROR(IF($W30="","",ROUND(($W30/$W$10)*$X$10,2))),"",IF($W30="","",ROUND(($W30/$W$10)*$X$10,2))) -> 91.67 | Y30: =IF($X30="","",ROUND($X30*$Y$10,2)) -> 27.5 | Z30: =IF(ISERROR(IF($V30="","",ROUND(SUM($M30,$S30,$Y30),2))),"",IF($V30="","",ROUND(SUM($M30,$S30,$Y30),2))) -> 93.57 | AA30: =IF(ISERROR(IF($V30="","",VLOOKUP(Z30,NewTransmu,4,TRUE))),"",IF($V30="","",VLOOKUP(Z30,NewTransmu,4,TRUE))) -> 95 | AB30: =IF(ISERROR(IF(AA30="","",VLOOKUP(AA30,DESCRIPTORS,4,TRUE))),"",IF(AA30="","",VLOOKUP(AA30,DESCRIPTORS,4,TRUE))) -> Advancing | AD30: Highest Score | AE30: =IF(COUNTA(T12:T112)=0,"",MAX(T12:T112)) -> 40 | AF30: =IF(COUNTA(U12:U112)=0,"",MAX(U12:U112)) -> 40 | AG30: =IF(COUNTA(V12:V112)=0,"",MAX(V12:V112)) -> 39 | AV30: =(T30/$T$10)*100 -> 90 | AW30: =(U30/$U$10)*100 -> 90 | AX30: =(V30/$V$10)*100 -> 95
A31: 20 | B31: =INPUT!B31 -> Mendoza, Joshua | F31: 17 | G31: 17 | H31: 17 | I31: 17 | J31: 15 | K31: =IF(COUNT($F31:$J31)=0,"",SUM($F31:$J31)) -> 83 | L31: =IF(ISERROR(IF($K31="","",ROUND(($K31/$K$10)*$L$10,2))),"",IF($K31="","",ROUND(($K31/$K$10)*$L$10,2))) -> 83 | M31: =IF($L31="","",ROUND($L31*$M$10,2)) -> 16.6 | N31: 47 | O31: 40 | P31: 46 | Q31: =IF(COUNT($N31:$P31)=0,"",SUM($N31:$P31)) -> 133 | R31: =IF(ISERROR(IF($Q31="","",ROUND(($Q31/$Q$10)*$R$10,2))),"",IF($Q31="","",ROUND(($Q31/$Q$10)*$R$10,2))) -> 88.67 | S31: =IF($R31="","",ROUND($R31*$S$10,2)) -> 44.34 | T31: 30 | U31: 31 | V31: 33 | W31: =IF(COUNT($T31:$V31)=0,"",SUM($T31:$V31)) -> 94 | X31: =IF(ISERROR(IF($W31="","",ROUND(($W31/$W$10)*$X$10,2))),"",IF($W31="","",ROUND(($W31/$W$10)*$X$10,2))) -> 78.33 | Y31: =IF($X31="","",ROUND($X31*$Y$10,2)) -> 23.5 | Z31: =IF(ISERROR(IF($V31="","",ROUND(SUM($M31,$S31,$Y31),2))),"",IF($V31="","",ROUND(SUM($M31,$S31,$Y31),2))) -> 84.44 | AA31: =IF(ISERROR(IF($V31="","",VLOOKUP(Z31,NewTransmu,4,TRUE))),"",IF($V31="","",VLOOKUP(Z31,NewTransmu,4,TRUE))) -> 86 | AB31: =IF(ISERROR(IF(AA31="","",VLOOKUP(AA31,DESCRIPTORS,4,TRUE))),"",IF(AA31="","",VLOOKUP(AA31,DESCRIPTORS,4,TRUE))) -> Benchmarking | AD31: Lowest Score | AE31: =IF(COUNTA(T12:T112)=0,"",MIN(T12:T112)) -> 14 | AF31: =IF(COUNTA(U12:U112)=0,"",MIN(U12:U112)) -> 16 | AG31: =IF(COUNTA(V12:V112)=0,"",MIN(V12:V112)) -> 17 | AV31: =(T31/$T$10)*100 -> 75 | AW31: =(U31/$U$10)*100 -> 77.5 | AX31: =(V31/$V$10)*100 -> 82.5
A32: 21 | B32: =INPUT!B32 -> Navarro, Lance | F32: 20 | G32: 20 | H32: 20 | I32: 19 | J32: 18 | K32: =IF(COUNT($F32:$J32)=0,"",SUM($F32:$J32)) -> 97 | L32: =IF(ISERROR(IF($K32="","",ROUND(($K32/$K$10)*$L$10,2))),"",IF($K32="","",ROUND(($K32/$K$10)*$L$10,2))) -> 97 | M32: =IF($L32="","",ROUND($L32*$M$10,2)) -> 19.4 | N32: 48 | O32: 49 | P32: 50 | Q32: =IF(COUNT($N32:$P32)=0,"",SUM($N32:$P32)) -> 147 | R32: =IF(ISERROR(IF($Q32="","",ROUND(($Q32/$Q$10)*$R$10,2))),"",IF($Q32="","",ROUND(($Q32/$Q$10)*$R$10,2))) -> 98 | S32: =IF($R32="","",ROUND($R32*$S$10,2)) -> 49 | T32: 39 | U32: 39 | V32: 38 | W32: =IF(COUNT($T32:$V32)=0,"",SUM($T32:$V32)) -> 116 | X32: =IF(ISERROR(IF($W32="","",ROUND(($W32/$W$10)*$X$10,2))),"",IF($W32="","",ROUND(($W32/$W$10)*$X$10,2))) -> 96.67 | Y32: =IF($X32="","",ROUND($X32*$Y$10,2)) -> 29 | Z32: =IF(ISERROR(IF($V32="","",ROUND(SUM($M32,$S32,$Y32),2))),"",IF($V32="","",ROUND(SUM($M32,$S32,$Y32),2))) -> 97.4 | AA32: =IF(ISERROR(IF($V32="","",VLOOKUP(Z32,NewTransmu,4,TRUE))),"",IF($V32="","",VLOOKUP(Z32,NewTransmu,4,TRUE))) -> 98 | AB32: =IF(ISERROR(IF(AA32="","",VLOOKUP(AA32,DESCRIPTORS,4,TRUE))),"",IF(AA32="","",VLOOKUP(AA32,DESCRIPTORS,4,TRUE))) -> Advancing | AD32: Total Score | AE32: =IF(COUNTA(T12:T112)=0,"",SUM(T12:T112)) -> 3163 | AF32: =IF(COUNTA(U12:U112)=0,"",SUM(U12:U112)) -> 3166 | AG32: =IF(COUNTA(V12:V112)=0,"",SUM(V12:V112)) -> 3173 | AV32: =(T32/$T$10)*100 -> 97.5 | AW32: =(U32/$U$10)*100 -> 97.5 | AX32: =(V32/$V$10)*100 -> 95
A33: 22 | B33: =INPUT!B33 -> Ocampo, Luis | F33: 15 | G33: 16 | H33: 17 | I33: 16 | J33: 15 | K33: =IF(COUNT($F33:$J33)=0,"",SUM($F33:$J33)) -> 79 | L33: =IF(ISERROR(IF($K33="","",ROUND(($K33/$K$10)*$L$10,2))),"",IF($K33="","",ROUND(($K33/$K$10)*$L$10,2))) -> 79 | M33: =IF($L33="","",ROUND($L33*$M$10,2)) -> 15.8 | N33: 45 | O33: 42 | P33: 45 | Q33: =IF(COUNT($N33:$P33)=0,"",SUM($N33:$P33)) -> 132 | R33: =IF(ISERROR(IF($Q33="","",ROUND(($Q33/$Q$10)*$R$10,2))),"",IF($Q33="","",ROUND(($Q33/$Q$10)*$R$10,2))) -> 88 | S33: =IF($R33="","",ROUND($R33*$S$10,2)) -> 44 | T33: 30 | U33: 29 | V33: 31 | W33: =IF(COUNT($T33:$V33)=0,"",SUM($T33:$V33)) -> 90 | X33: =IF(ISERROR(IF($W33="","",ROUND(($W33/$W$10)*$X$10,2))),"",IF($W33="","",ROUND(($W33/$W$10)*$X$10,2))) -> 75 | Y33: =IF($X33="","",ROUND($X33*$Y$10,2)) -> 22.5 | Z33: =IF(ISERROR(IF($V33="","",ROUND(SUM($M33,$S33,$Y33),2))),"",IF($V33="","",ROUND(SUM($M33,$S33,$Y33),2))) -> 82.3 | AA33: =IF(ISERROR(IF($V33="","",VLOOKUP(Z33,NewTransmu,4,TRUE))),"",IF($V33="","",VLOOKUP(Z33,NewTransmu,4,TRUE))) -> 84 | AB33: =IF(ISERROR(IF(AA33="","",VLOOKUP(AA33,DESCRIPTORS,4,TRUE))),"",IF(AA33="","",VLOOKUP(AA33,DESCRIPTORS,4,TRUE))) -> Benchmarking | AV33: =(T33/$T$10)*100 -> 75 | AW33: =(U33/$U$10)*100 -> 72.5 | AX33: =(V33/$V$10)*100 -> 77.5
A34: 23 | B34: =INPUT!B34 -> Ortega, Marco | F34: 17 | G34: 17 | H34: 19 | I34: 17 | J34: 19 | K34: =IF(COUNT($F34:$J34)=0,"",SUM($F34:$J34)) -> 89 | L34: =IF(ISERROR(IF($K34="","",ROUND(($K34/$K$10)*$L$10,2))),"",IF($K34="","",ROUND(($K34/$K$10)*$L$10,2))) -> 89 | M34: =IF($L34="","",ROUND($L34*$M$10,2)) -> 17.8 | N34: 46 | O34: 49 | P34: 45 | Q34: =IF(COUNT($N34:$P34)=0,"",SUM($N34:$P34)) -> 140 | R34: =IF(ISERROR(IF($Q34="","",ROUND(($Q34/$Q$10)*$R$10,2))),"",IF($Q34="","",ROUND(($Q34/$Q$10)*$R$10,2))) -> 93.33 | S34: =IF($R34="","",ROUND($R34*$S$10,2)) -> 46.67 | T34: 35 | U34: 36 | V34: 32 | W34: =IF(COUNT($T34:$V34)=0,"",SUM($T34:$V34)) -> 103 | X34: =IF(ISERROR(IF($W34="","",ROUND(($W34/$W$10)*$X$10,2))),"",IF($W34="","",ROUND(($W34/$W$10)*$X$10,2))) -> 85.83 | Y34: =IF($X34="","",ROUND($X34*$Y$10,2)) -> 25.75 | Z34: =IF(ISERROR(IF($V34="","",ROUND(SUM($M34,$S34,$Y34),2))),"",IF($V34="","",ROUND(SUM($M34,$S34,$Y34),2))) -> 90.22 | AA34: =IF(ISERROR(IF($V34="","",VLOOKUP(Z34,NewTransmu,4,TRUE))),"",IF($V34="","",VLOOKUP(Z34,NewTransmu,4,TRUE))) -> 92 | AB34: =IF(ISERROR(IF(AA34="","",VLOOKUP(AA34,DESCRIPTORS,4,TRUE))),"",IF(AA34="","",VLOOKUP(AA34,DESCRIPTORS,4,TRUE))) -> Advancing | AV34: =(T34/$T$10)*100 -> 87.5 | AW34: =(U34/$U$10)*100 -> 90 | AX34: =(V34/$V$10)*100 -> 80
A35: 24 | B35: =INPUT!B35 -> Pascual, Martin | F35: 17 | G35: 17 | H35: 17 | I35: 16 | J35: 17 | K35: =IF(COUNT($F35:$J35)=0,"",SUM($F35:$J35)) -> 84 | L35: =IF(ISERROR(IF($K35="","",ROUND(($K35/$K$10)*$L$10,2))),"",IF($K35="","",ROUND(($K35/$K$10)*$L$10,2))) -> 84 | M35: =IF($L35="","",ROUND($L35*$M$10,2)) -> 16.8 | N35: 40 | O35: 43 | P35: 45 | Q35: =IF(COUNT($N35:$P35)=0,"",SUM($N35:$P35)) -> 128 | R35: =IF(ISERROR(IF($Q35="","",ROUND(($Q35/$Q$10)*$R$10,2))),"",IF($Q35="","",ROUND(($Q35/$Q$10)*$R$10,2))) -> 85.33 | S35: =IF($R35="","",ROUND($R35*$S$10,2)) -> 42.67 | T35: 34 | U35: 34 | V35: 34 | W35: =IF(COUNT($T35:$V35)=0,"",SUM($T35:$V35)) -> 102 | X35: =IF(ISERROR(IF($W35="","",ROUND(($W35/$W$10)*$X$10,2))),"",IF($W35="","",ROUND(($W35/$W$10)*$X$10,2))) -> 85 | Y35: =IF($X35="","",ROUND($X35*$Y$10,2)) -> 25.5 | Z35: =IF(ISERROR(IF($V35="","",ROUND(SUM($M35,$S35,$Y35),2))),"",IF($V35="","",ROUND(SUM($M35,$S35,$Y35),2))) -> 84.97 | AA35: =IF(ISERROR(IF($V35="","",VLOOKUP(Z35,NewTransmu,4,TRUE))),"",IF($V35="","",VLOOKUP(Z35,NewTransmu,4,TRUE))) -> 86 | AB35: =IF(ISERROR(IF(AA35="","",VLOOKUP(AA35,DESCRIPTORS,4,TRUE))),"",IF(AA35="","",VLOOKUP(AA35,DESCRIPTORS,4,TRUE))) -> Benchmarking | AV35: =(T35/$T$10)*100 -> 85 | AW35: =(U35/$U$10)*100 -> 85 | AX35: =(V35/$V$10)*100 -> 85
A36: 25 | B36: =INPUT!B36 -> Quizon, Matthew | F36: 15 | G36: 17 | H36: 15 | I36: 16 | J36: 17 | K36: =IF(COUNT($F36:$J36)=0,"",SUM($F36:$J36)) -> 80 | L36: =IF(ISERROR(IF($K36="","",ROUND(($K36/$K$10)*$L$10,2))),"",IF($K36="","",ROUND(($K36/$K$10)*$L$10,2))) -> 80 | M36: =IF($L36="","",ROUND($L36*$M$10,2)) -> 16 | N36: 44 | O36: 44 | P36: 43 | Q36: =IF(COUNT($N36:$P36)=0,"",SUM($N36:$P36)) -> 131 | R36: =IF(ISERROR(IF($Q36="","",ROUND(($Q36/$Q$10)*$R$10,2))),"",IF($Q36="","",ROUND(($Q36/$Q$10)*$R$10,2))) -> 87.33 | S36: =IF($R36="","",ROUND($R36*$S$10,2)) -> 43.67 | T36: 30 | U36: 30 | V36: 32 | W36: =IF(COUNT($T36:$V36)=0,"",SUM($T36:$V36)) -> 92 | X36: =IF(ISERROR(IF($W36="","",ROUND(($W36/$W$10)*$X$10,2))),"",IF($W36="","",ROUND(($W36/$W$10)*$X$10,2))) -> 76.67 | Y36: =IF($X36="","",ROUND($X36*$Y$10,2)) -> 23 | Z36: =IF(ISERROR(IF($V36="","",ROUND(SUM($M36,$S36,$Y36),2))),"",IF($V36="","",ROUND(SUM($M36,$S36,$Y36),2))) -> 82.67 | AA36: =IF(ISERROR(IF($V36="","",VLOOKUP(Z36,NewTransmu,4,TRUE))),"",IF($V36="","",VLOOKUP(Z36,NewTransmu,4,TRUE))) -> 84 | AB36: =IF(ISERROR(IF(AA36="","",VLOOKUP(AA36,DESCRIPTORS,4,TRUE))),"",IF(AA36="","",VLOOKUP(AA36,DESCRIPTORS,4,TRUE))) -> Benchmarking | AV36: =(T36/$T$10)*100 -> 75 | AW36: =(U36/$U$10)*100 -> 75 | AX36: =(V36/$V$10)*100 -> 80
A37: 26 | B37: =INPUT!B37 -> Ramos, Miguel | F37: 17 | G37: 18 | H37: 17 | I37: 16 | J37: 17 | K37: =IF(COUNT($F37:$J37)=0,"",SUM($F37:$J37)) -> 85 | L37: =IF(ISERROR(IF($K37="","",ROUND(($K37/$K$10)*$L$10,2))),"",IF($K37="","",ROUND(($K37/$K$10)*$L$10,2))) -> 85 | M37: =IF($L37="","",ROUND($L37*$M$10,2)) -> 17 | N37: 40 | O37: 43 | P37: 43 | Q37: =IF(COUNT($N37:$P37)=0,"",SUM($N37:$P37)) -> 126 | R37: =IF(ISERROR(IF($Q37="","",ROUND(($Q37/$Q$10)*$R$10,2))),"",IF($Q37="","",ROUND(($Q37/$Q$10)*$R$10,2))) -> 84 | S37: =IF($R37="","",ROUND($R37*$S$10,2)) -> 42 | T37: 31 | U37: 30 | V37: 31 | W37: =IF(COUNT($T37:$V37)=0,"",SUM($T37:$V37)) -> 92 | X37: =IF(ISERROR(IF($W37="","",ROUND(($W37/$W$10)*$X$10,2))),"",IF($W37="","",ROUND(($W37/$W$10)*$X$10,2))) -> 76.67 | Y37: =IF($X37="","",ROUND($X37*$Y$10,2)) -> 23 | Z37: =IF(ISERROR(IF($V37="","",ROUND(SUM($M37,$S37,$Y37),2))),"",IF($V37="","",ROUND(SUM($M37,$S37,$Y37),2))) -> 82 | AA37: =IF(ISERROR(IF($V37="","",VLOOKUP(Z37,NewTransmu,4,TRUE))),"",IF($V37="","",VLOOKUP(Z37,NewTransmu,4,TRUE))) -> 84 | AB37: =IF(ISERROR(IF(AA37="","",VLOOKUP(AA37,DESCRIPTORS,4,TRUE))),"",IF(AA37="","",VLOOKUP(AA37,DESCRIPTORS,4,TRUE))) -> Benchmarking | AV37: =(T37/$T$10)*100 -> 77.5 | AW37: =(U37/$U$10)*100 -> 75 | AX37: =(V37/$V$10)*100 -> 77.5
A38: 27 | B38: =INPUT!B38 -> Reyes, Nathan | F38: 18 | G38: 18 | H38: 19 | I38: 17 | J38: 19 | K38: =IF(COUNT($F38:$J38)=0,"",SUM($F38:$J38)) -> 91 | L38: =IF(ISERROR(IF($K38="","",ROUND(($K38/$K$10)*$L$10,2))),"",IF($K38="","",ROUND(($K38/$K$10)*$L$10,2))) -> 91 | M38: =IF($L38="","",ROUND($L38*$M$10,2)) -> 18.2 | N38: 44 | O38: 45 | P38: 45 | Q38: =IF(COUNT($N38:$P38)=0,"",SUM($N38:$P38)) -> 134 | R38: =IF(ISERROR(IF($Q38="","",ROUND(($Q38/$Q$10)*$R$10,2))),"",IF($Q38="","",ROUND(($Q38/$Q$10)*$R$10,2))) -> 89.33 | S38: =IF($R38="","",ROUND($R38*$S$10,2)) -> 44.67 | T38: 32 | U38: 33 | V38: 32 | W38: =IF(COUNT($T38:$V38)=0,"",SUM($T38:$V38)) -> 97 | X38: =IF(ISERROR(IF($W38="","",ROUND(($W38/$W$10)*$X$10,2))),"",IF($W38="","",ROUND(($W38/$W$10)*$X$10,2))) -> 80.83 | Y38: =IF($X38="","",ROUND($X38*$Y$10,2)) -> 24.25 | Z38: =IF(ISERROR(IF($V38="","",ROUND(SUM($M38,$S38,$Y38),2))),"",IF($V38="","",ROUND(SUM($M38,$S38,$Y38),2))) -> 87.12 | AA38: =IF(ISERROR(IF($V38="","",VLOOKUP(Z38,NewTransmu,4,TRUE))),"",IF($V38="","",VLOOKUP(Z38,NewTransmu,4,TRUE))) -> 89 | AB38: =IF(ISERROR(IF(AA38="","",VLOOKUP(AA38,DESCRIPTORS,4,TRUE))),"",IF(AA38="","",VLOOKUP(AA38,DESCRIPTORS,4,TRUE))) -> Benchmarking | AV38: =(T38/$T$10)*100 -> 80 | AW38: =(U38/$U$10)*100 -> 82.5 | AX38: =(V38/$V$10)*100 -> 80
A39: 28 | B39: =INPUT!B39 -> Rivera, Noah | F39: 8 | G39: 9 | H39: 10 | I39: 8 | J39: 10 | K39: =IF(COUNT($F39:$J39)=0,"",SUM($F39:$J39)) -> 45 | L39: =IF(ISERROR(IF($K39="","",ROUND(($K39/$K$10)*$L$10,2))),"",IF($K39="","",ROUND(($K39/$K$10)*$L$10,2))) -> 45 | M39: =IF($L39="","",ROUND($L39*$M$10,2)) -> 9 | N39: 26 | O39: 26 | P39: 25 | Q39: =IF(COUNT($N39:$P39)=0,"",SUM($N39:$P39)) -> 77 | R39: =IF(ISERROR(IF($Q39="","",ROUND(($Q39/$Q$10)*$R$10,2))),"",IF($Q39="","",ROUND(($Q39/$Q$10)*$R$10,2))) -> 51.33 | S39: =IF($R39="","",ROUND($R39*$S$10,2)) -> 25.67 | T39: 14 | U39: 16 | V39: 17 | W39: =IF(COUNT($T39:$V39)=0,"",SUM($T39:$V39)) -> 47 | X39: =IF(ISERROR(IF($W39="","",ROUND(($W39/$W$10)*$X$10,2))),"",IF($W39="","",ROUND(($W39/$W$10)*$X$10,2))) -> 39.17 | Y39: =IF($X39="","",ROUND($X39*$Y$10,2)) -> 11.75 | Z39: =IF(ISERROR(IF($V39="","",ROUND(SUM($M39,$S39,$Y39),2))),"",IF($V39="","",ROUND(SUM($M39,$S39,$Y39),2))) -> 46.42 | AA39: =IF(ISERROR(IF($V39="","",VLOOKUP(Z39,NewTransmu,4,TRUE))),"",IF($V39="","",VLOOKUP(Z39,NewTransmu,4,TRUE))) -> 63 | AB39: =IF(ISERROR(IF(AA39="","",VLOOKUP(AA39,DESCRIPTORS,4,TRUE))),"",IF(AA39="","",VLOOKUP(AA39,DESCRIPTORS,4,TRUE))) -> Emerging | AV39: =(T39/$T$10)*100 -> 35 | AW39: =(U39/$U$10)*100 -> 40 | AX39: =(V39/$V$10)*100 -> 42.5
A40: 29 | B40: =INPUT!B40 -> Rosales, Oliver | F40: 15 | G40: 16 | H40: 16 | I40: 18 | J40: 15 | K40: =IF(COUNT($F40:$J40)=0,"",SUM($F40:$J40)) -> 80 | L40: =IF(ISERROR(IF($K40="","",ROUND(($K40/$K$10)*$L$10,2))),"",IF($K40="","",ROUND(($K40/$K$10)*$L$10,2))) -> 80 | M40: =IF($L40="","",ROUND($L40*$M$10,2)) -> 16 | N40: 43 | O40: 46 | P40: 46 | Q40: =IF(COUNT($N40:$P40)=0,"",SUM($N40:$P40)) -> 135 | R40: =IF(ISERROR(IF($Q40="","",ROUND(($Q40/$Q$10)*$R$10,2))),"",IF($Q40="","",ROUND(($Q40/$Q$10)*$R$10,2))) -> 90 | S40: =IF($R40="","",ROUND($R40*$S$10,2)) -> 45 | T40: 29 | U40: 30 | V40: 30 | W40: =IF(COUNT($T40:$V40)=0,"",SUM($T40:$V40)) -> 89 | X40: =IF(ISERROR(IF($W40="","",ROUND(($W40/$W$10)*$X$10,2))),"",IF($W40="","",ROUND(($W40/$W$10)*$X$10,2))) -> 74.17 | Y40: =IF($X40="","",ROUND($X40*$Y$10,2)) -> 22.25 | Z40: =IF(ISERROR(IF($V40="","",ROUND(SUM($M40,$S40,$Y40),2))),"",IF($V40="","",ROUND(SUM($M40,$S40,$Y40),2))) -> 83.25 | AA40: =IF(ISERROR(IF($V40="","",VLOOKUP(Z40,NewTransmu,4,TRUE))),"",IF($V40="","",VLOOKUP(Z40,NewTransmu,4,TRUE))) -> 85 | AB40: =IF(ISERROR(IF(AA40="","",VLOOKUP(AA40,DESCRIPTORS,4,TRUE))),"",IF(AA40="","",VLOOKUP(AA40,DESCRIPTORS,4,TRUE))) -> Benchmarking | AV40: =(T40/$T$10)*100 -> 72.5 | AW40: =(U40/$U$10)*100 -> 75 | AX40: =(V40/$V$10)*100 -> 75
A41: 30 | B41: =INPUT!B41 -> Salazar, Paolo | F41: 17 | G41: 18 | H41: 18 | I41: 16 | J41: 17 | K41: =IF(COUNT($F41:$J41)=0,"",SUM($F41:$J41)) -> 86 | L41: =IF(ISERROR(IF($K41="","",ROUND(($K41/$K$10)*$L$10,2))),"",IF($K41="","",ROUND(($K41/$K$10)*$L$10,2))) -> 86 | M41: =IF($L41="","",ROUND($L41*$M$10,2)) -> 17.2 | N41: 42 | O41: 42 | P41: 46 | Q41: =IF(COUNT($N41:$P41)=0,"",SUM($N41:$P41)) -> 130 | R41: =IF(ISERROR(IF($Q41="","",ROUND(($Q41/$Q$10)*$R$10,2))),"",IF($Q41="","",ROUND(($Q41/$Q$10)*$R$10,2))) -> 86.67 | S41: =IF($R41="","",ROUND($R41*$S$10,2)) -> 43.34 | T41: 33 | U41: 30 | V41: 34 | W41: =IF(COUNT($T41:$V41)=0,"",SUM($T41:$V41)) -> 97 | X41: =IF(ISERROR(IF($W41="","",ROUND(($W41/$W$10)*$X$10,2))),"",IF($W41="","",ROUND(($W41/$W$10)*$X$10,2))) -> 80.83 | Y41: =IF($X41="","",ROUND($X41*$Y$10,2)) -> 24.25 | Z41: =IF(ISERROR(IF($V41="","",ROUND(SUM($M41,$S41,$Y41),2))),"",IF($V41="","",ROUND(SUM($M41,$S41,$Y41),2))) -> 84.79 | AA41: =IF(ISERROR(IF($V41="","",VLOOKUP(Z41,NewTransmu,4,TRUE))),"",IF($V41="","",VLOOKUP(Z41,NewTransmu,4,TRUE))) -> 86 | AB41: =IF(ISERROR(IF(AA41="","",VLOOKUP(AA41,DESCRIPTORS,4,TRUE))),"",IF(AA41="","",VLOOKUP(AA41,DESCRIPTORS,4,TRUE))) -> Benchmarking | AV41: =(T41/$T$10)*100 -> 82.5 | AW41: =(U41/$U$10)*100 -> 75 | AX41: =(V41/$V$10)*100 -> 85
A42: 31 | B42: =INPUT!B42 -> Santiago, Patrick | F42: 18 | G42: 18 | H42: 19 | I42: 20 | J42: 20 | K42: =IF(COUNT($F42:$J42)=0,"",SUM($F42:$J42)) -> 95 | L42: =IF(ISERROR(IF($K42="","",ROUND(($K42/$K$10)*$L$10,2))),"",IF($K42="","",ROUND(($K42/$K$10)*$L$10,2))) -> 95 | M42: =IF($L42="","",ROUND($L42*$M$10,2)) -> 19 | N42: 47 | O42: 48 | P42: 46 | Q42: =IF(COUNT($N42:$P42)=0,"",SUM($N42:$P42)) -> 141 | R42: =IF(ISERROR(IF($Q42="","",ROUND(($Q42/$Q$10)*$R$10,2))),"",IF($Q42="","",ROUND(($Q42/$Q$10)*$R$10,2))) -> 94 | S42: =IF($R42="","",ROUND($R42*$S$10,2)) -> 47 | T42: 36 | U42: 37 | V42: 34 | W42: =IF(COUNT($T42:$V42)=0,"",SUM($T42:$V42)) -> 107 | X42: =IF(ISERROR(IF($W42="","",ROUND(($W42/$W$10)*$X$10,2))),"",IF($W42="","",ROUND(($W42/$W$10)*$X$10,2))) -> 89.17 | Y42: =IF($X42="","",ROUND($X42*$Y$10,2)) -> 26.75 | Z42: =IF(ISERROR(IF($V42="","",ROUND(SUM($M42,$S42,$Y42),2))),"",IF($V42="","",ROUND(SUM($M42,$S42,$Y42),2))) -> 92.75 | AA42: =IF(ISERROR(IF($V42="","",VLOOKUP(Z42,NewTransmu,4,TRUE))),"",IF($V42="","",VLOOKUP(Z42,NewTransmu,4,TRUE))) -> 94 | AB42: =IF(ISERROR(IF(AA42="","",VLOOKUP(AA42,DESCRIPTORS,4,TRUE))),"",IF(AA42="","",VLOOKUP(AA42,DESCRIPTORS,4,TRUE))) -> Advancing | AV42: =(T42/$T$10)*100 -> 90 | AW42: =(U42/$U$10)*100 -> 92.5 | AX42: =(V42/$V$10)*100 -> 85
A43: 32 | B43: =INPUT!B43 -> Santos, Rafael | F43: 18 | G43: 19 | H43: 19 | I43: 19 | J43: 18 | K43: =IF(COUNT($F43:$J43)=0,"",SUM($F43:$J43)) -> 93 | L43: =IF(ISERROR(IF($K43="","",ROUND(($K43/$K$10)*$L$10,2))),"",IF($K43="","",ROUND(($K43/$K$10)*$L$10,2))) -> 93 | M43: =IF($L43="","",ROUND($L43*$M$10,2)) -> 18.6 | N43: 49 | O43: 50 | P43: 50 | Q43: =IF(COUNT($N43:$P43)=0,"",SUM($N43:$P43)) -> 149 | R43: =IF(ISERROR(IF($Q43="","",ROUND(($Q43/$Q$10)*$R$10,2))),"",IF($Q43="","",ROUND(($Q43/$Q$10)*$R$10,2))) -> 99.33 | S43: =IF($R43="","",ROUND($R43*$S$10,2)) -> 49.67 | T43: 39 | U43: 35 | V43: 36 | W43: =IF(COUNT($T43:$V43)=0,"",SUM($T43:$V43)) -> 110 | X43: =IF(ISERROR(IF($W43="","",ROUND(($W43/$W$10)*$X$10,2))),"",IF($W43="","",ROUND(($W43/$W$10)*$X$10,2))) -> 91.67 | Y43: =IF($X43="","",ROUND($X43*$Y$10,2)) -> 27.5 | Z43: =IF(ISERROR(IF($V43="","",ROUND(SUM($M43,$S43,$Y43),2))),"",IF($V43="","",ROUND(SUM($M43,$S43,$Y43),2))) -> 95.77 | AA43: =IF(ISERROR(IF($V43="","",VLOOKUP(Z43,NewTransmu,4,TRUE))),"",IF($V43="","",VLOOKUP(Z43,NewTransmu,4,TRUE))) -> 97 | AB43: =IF(ISERROR(IF(AA43="","",VLOOKUP(AA43,DESCRIPTORS,4,TRUE))),"",IF(AA43="","",VLOOKUP(AA43,DESCRIPTORS,4,TRUE))) -> Advancing | AV43: =(T43/$T$10)*100 -> 97.5 | AW43: =(U43/$U$10)*100 -> 87.5 | AX43: =(V43/$V$10)*100 -> 90
A44: 33 | B44: =INPUT!B44 -> Soriano, Raymond | F44: 19 | G44: 17 | H44: 20 | I44: 18 | J44: 19 | K44: =IF(COUNT($F44:$J44)=0,"",SUM($F44:$J44)) -> 93 | L44: =IF(ISERROR(IF($K44="","",ROUND(($K44/$K$10)*$L$10,2))),"",IF($K44="","",ROUND(($K44/$K$10)*$L$10,2))) -> 93 | M44: =IF($L44="","",ROUND($L44*$M$10,2)) -> 18.6 | N44: 47 | O44: 44 | P44: 47 | Q44: =IF(COUNT($N44:$P44)=0,"",SUM($N44:$P44)) -> 138 | R44: =IF(ISERROR(IF($Q44="","",ROUND(($Q44/$Q$10)*$R$10,2))),"",IF($Q44="","",ROUND(($Q44/$Q$10)*$R$10,2))) -> 92 | S44: =IF($R44="","",ROUND($R44*$S$10,2)) -> 46 | T44: 37 | U44: 36 | V44: 33 | W44: =IF(COUNT($T44:$V44)=0,"",SUM($T44:$V44)) -> 106 | X44: =IF(ISERROR(IF($W44="","",ROUND(($W44/$W$10)*$X$10,2))),"",IF($W44="","",ROUND(($W44/$W$10)*$X$10,2))) -> 88.33 | Y44: =IF($X44="","",ROUND($X44*$Y$10,2)) -> 26.5 | Z44: =IF(ISERROR(IF($V44="","",ROUND(SUM($M44,$S44,$Y44),2))),"",IF($V44="","",ROUND(SUM($M44,$S44,$Y44),2))) -> 91.1 | AA44: =IF(ISERROR(IF($V44="","",VLOOKUP(Z44,NewTransmu,4,TRUE))),"",IF($V44="","",VLOOKUP(Z44,NewTransmu,4,TRUE))) -> 93 | AB44: =IF(ISERROR(IF(AA44="","",VLOOKUP(AA44,DESCRIPTORS,4,TRUE))),"",IF(AA44="","",VLOOKUP(AA44,DESCRIPTORS,4,TRUE))) -> Advancing | AV44: =(T44/$T$10)*100 -> 92.5 | AW44: =(U44/$U$10)*100 -> 90 | AX44: =(V44/$V$10)*100 -> 82.5
... A61: 50 | B61: =INPUT!B61 -> Escobar, Gian | F61: 19 | G61: 18 | H61: 18 | I61: 17 | J61: 19 | K61: =IF(COUNT($F61:$J61)=0,"",SUM($F61:$J61)) -> 91 | L61: =IF(ISERROR(IF($K61="","",ROUND(($K61/$K$10)*$L$10,2))),"",IF($K61="","",ROUND(($K61/$K$10)*$L$10,2))) -> 91 | M61: =IF($L61="","",ROUND($L61*$M$10,2)) -> 18.2 | N61: 48 | O61: 45 | P61: 48 | Q61: =IF(COUNT($N61:$P61)=0,"",SUM($N61:$P61)) -> 141 | R61: =IF(ISERROR(IF($Q61="","",ROUND(($Q61/$Q$10)*$R$10,2))),"",IF($Q61="","",ROUND(($Q61/$Q$10)*$R$10,2))) -> 94 | S61: =IF($R61="","",ROUND($R61*$S$10,2)) -> 47 | T61: 35 | U61: 36 | V61: 33 | W61: =IF(COUNT($T61:$V61)=0,"",SUM($T61:$V61)) -> 104 | X61: =IF(ISERROR(IF($W61="","",ROUND(($W61/$W$10)*$X$10,2))),"",IF($W61="","",ROUND(($W61/$W$10)*$X$10,2))) -> 86.67 | Y61: =IF($X61="","",ROUND($X61*$Y$10,2)) -> 26 | Z61: =IF(ISERROR(IF($V61="","",ROUND(SUM($M61,$S61,$Y61),2))),"",IF($V61="","",ROUND(SUM($M61,$S61,$Y61),2))) -> 91.2 | AA61: =IF(ISERROR(IF($V61="","",VLOOKUP(Z61,NewTransmu,4,TRUE))),"",IF($V61="","",VLOOKUP(Z61,NewTransmu,4,TRUE))) -> 93 | AB61: =IF(ISERROR(IF(AA61="","",VLOOKUP(AA61,DESCRIPTORS,4,TRUE))),"",IF(AA61="","",VLOOKUP(AA61,DESCRIPTORS,4,TRUE))) -> Advancing | AV61: =(T61/$T$10)*100 -> 87.5 | AW61: =(U61/$U$10)*100 -> 90 | AX61: =(V61/$V$10)*100 -> 82.5
B62: FEMALE | AV62: =(T62/$T$10)*100 -> 0 | AW62: =(U62/$U$10)*100 -> 0 | AX62: =(V62/$V$10)*100 -> 0
A63: 1 | B63: =INPUT!B63 -> Fernandez, Alyssa | F63: 20 | G63: 18 | H63: 20 | I63: 19 | J63: 20 | K63: =IF(COUNT($F63:$J63)=0,"",SUM($F63:$J63)) -> 97 | L63: =IF(ISERROR(IF($K63="","",ROUND(($K63/$K$10)*$L$10,2))),"",IF($K63="","",ROUND(($K63/$K$10)*$L$10,2))) -> 97 | M63: =IF($L63="","",ROUND($L63*$M$10,2)) -> 19.4 | N63: 50 | O63: 50 | P63: 50 | Q63: =IF(COUNT($N63:$P63)=0,"",SUM($N63:$P63)) -> 150 | R63: =IF(ISERROR(IF($Q63="","",ROUND(($Q63/$Q$10)*$R$10,2))),"",IF($Q63="","",ROUND(($Q63/$Q$10)*$R$10,2))) -> 100 | S63: =IF($R63="","",ROUND($R63*$S$10,2)) -> 50 | T63: 39 | U63: 36 | V63: 39 | W63: =IF(COUNT($T63:$V63)=0,"",SUM($T63:$V63)) -> 114 | X63: =IF(ISERROR(IF($W63="","",ROUND(($W63/$W$10)*$X$10,2))),"",IF($W63="","",ROUND(($W63/$W$10)*$X$10,2))) -> 95 | Y63: =IF($X63="","",ROUND($X63*$Y$10,2)) -> 28.5 | Z63: =IF(ISERROR(IF($V63="","",ROUND(SUM($M63,$S63,$Y63),2))),"",IF($V63="","",ROUND(SUM($M63,$S63,$Y63),2))) -> 97.9 | AA63: =IF(ISERROR(IF($V63="","",VLOOKUP(Z63,NewTransmu,4,TRUE))),"",IF($V63="","",VLOOKUP(Z63,NewTransmu,4,TRUE))) -> 99 | AB63: =IF(ISERROR(IF(AA63="","",VLOOKUP(AA63,DESCRIPTORS,4,TRUE))),"",IF(AA63="","",VLOOKUP(AA63,DESCRIPTORS,4,TRUE))) -> Advancing | AV63: =(T63/$T$10)*100 -> 97.5 | AW63: =(U63/$U$10)*100 -> 90 | AX63: =(V63/$V$10)*100 -> 97.5
A64: 2 | B64: =INPUT!B64 -> Garcia, Angela | F64: 16 | G64: 16 | H64: 17 | I64: 18 | J64: 16 | K64: =IF(COUNT($F64:$J64)=0,"",SUM($F64:$J64)) -> 83 | L64: =IF(ISERROR(IF($K64="","",ROUND(($K64/$K$10)*$L$10,2))),"",IF($K64="","",ROUND(($K64/$K$10)*$L$10,2))) -> 83 | M64: =IF($L64="","",ROUND($L64*$M$10,2)) -> 16.6 | N64: 43 | O64: 45 | P64: 47 | Q64: =IF(COUNT($N64:$P64)=0,"",SUM($N64:$P64)) -> 135 | R64: =IF(ISERROR(IF($Q64="","",ROUND(($Q64/$Q$10)*$R$10,2))),"",IF($Q64="","",ROUND(($Q64/$Q$10)*$R$10,2))) -> 90 | S64: =IF($R64="","",ROUND($R64*$S$10,2)) -> 45 | T64: 33 | U64: 30 | V64: 32 | W64: =IF(COUNT($T64:$V64)=0,"",SUM($T64:$V64)) -> 95 | X64: =IF(ISERROR(IF($W64="","",ROUND(($W64/$W$10)*$X$10,2))),"",IF($W64="","",ROUND(($W64/$W$10)*$X$10,2))) -> 79.17 | Y64: =IF($X64="","",ROUND($X64*$Y$10,2)) -> 23.75 | Z64: =IF(ISERROR(IF($V64="","",ROUND(SUM($M64,$S64,$Y64),2))),"",IF($V64="","",ROUND(SUM($M64,$S64,$Y64),2))) -> 85.35 | AA64: =IF(ISERROR(IF($V64="","",VLOOKUP(Z64,NewTransmu,4,TRUE))),"",IF($V64="","",VLOOKUP(Z64,NewTransmu,4,TRUE))) -> 87 | AB64: =IF(ISERROR(IF(AA64="","",VLOOKUP(AA64,DESCRIPTORS,4,TRUE))),"",IF(AA64="","",VLOOKUP(AA64,DESCRIPTORS,4,TRUE))) -> Benchmarking | AV64: =(T64/$T$10)*100 -> 82.5 | AW64: =(U64/$U$10)*100 -> 75 | AX64: =(V64/$V$10)*100 -> 80
A65: 3 | B65: =INPUT!B65 -> Gonzales, Bea | F65: 16 | G65: 14 | H65: 16 | I65: 14 | J65: 16 | K65: =IF(COUNT($F65:$J65)=0,"",SUM($F65:$J65)) -> 76 | L65: =IF(ISERROR(IF($K65="","",ROUND(($K65/$K$10)*$L$10,2))),"",IF($K65="","",ROUND(($K65/$K$10)*$L$10,2))) -> 76 | M65: =IF($L65="","",ROUND($L65*$M$10,2)) -> 15.2 | N65: 38 | O65: 41 | P65: 39 | Q65: =IF(COUNT($N65:$P65)=0,"",SUM($N65:$P65)) -> 118 | R65: =IF(ISERROR(IF($Q65="","",ROUND(($Q65/$Q$10)*$R$10,2))),"",IF($Q65="","",ROUND(($Q65/$Q$10)*$R$10,2))) -> 78.67 | S65: =IF($R65="","",ROUND($R65*$S$10,2)) -> 39.34 | T65: 26 | U65: 29 | V65: 30 | W65: =IF(COUNT($T65:$V65)=0,"",SUM($T65:$V65)) -> 85 | X65: =IF(ISERROR(IF($W65="","",ROUND(($W65/$W$10)*$X$10,2))),"",IF($W65="","",ROUND(($W65/$W$10)*$X$10,2))) -> 70.83 | Y65: =IF($X65="","",ROUND($X65*$Y$10,2)) -> 21.25 | Z65: =IF(ISERROR(IF($V65="","",ROUND(SUM($M65,$S65,$Y65),2))),"",IF($V65="","",ROUND(SUM($M65,$S65,$Y65),2))) -> 75.79 | AA65: =IF(ISERROR(IF($V65="","",VLOOKUP(Z65,NewTransmu,4,TRUE))),"",IF($V65="","",VLOOKUP(Z65,NewTransmu,4,TRUE))) -> 77 | AB65: =IF(ISERROR(IF(AA65="","",VLOOKUP(AA65,DESCRIPTORS,4,TRUE))),"",IF(AA65="","",VLOOKUP(AA65,DESCRIPTORS,4,TRUE))) -> Connecting | AV65: =(T65/$T$10)*100 -> 65 | AW65: =(U65/$U$10)*100 -> 72.5 | AX65: =(V65/$V$10)*100 -> 75
A66: 4 | B66: =INPUT!B66 -> Hernandez, Bianca | F66: 15 | G66: 16 | H66: 17 | I66: 16 | J66: 15 | K66: =IF(COUNT($F66:$J66)=0,"",SUM($F66:$J66)) -> 79 | L66: =IF(ISERROR(IF($K66="","",ROUND(($K66/$K$10)*$L$10,2))),"",IF($K66="","",ROUND(($K66/$K$10)*$L$10,2))) -> 79 | M66: =IF($L66="","",ROUND($L66*$M$10,2)) -> 15.8 | N66: 45 | O66: 46 | P66: 42 | Q66: =IF(COUNT($N66:$P66)=0,"",SUM($N66:$P66)) -> 133 | R66: =IF(ISERROR(IF($Q66="","",ROUND(($Q66/$Q$10)*$R$10,2))),"",IF($Q66="","",ROUND(($Q66/$Q$10)*$R$10,2))) -> 88.67 | S66: =IF($R66="","",ROUND($R66*$S$10,2)) -> 44.34 | T66: 33 | U66: 29 | V66: 33 | W66: =IF(COUNT($T66:$V66)=0,"",SUM($T66:$V66)) -> 95 | X66: =IF(ISERROR(IF($W66="","",ROUND(($W66/$W$10)*$X$10,2))),"",IF($W66="","",ROUND(($W66/$W$10)*$X$10,2))) -> 79.17 | Y66: =IF($X66="","",ROUND($X66*$Y$10,2)) -> 23.75 | Z66: =IF(ISERROR(IF($V66="","",ROUND(SUM($M66,$S66,$Y66),2))),"",IF($V66="","",ROUND(SUM($M66,$S66,$Y66),2))) -> 83.89 | AA66: =IF(ISERROR(IF($V66="","",VLOOKUP(Z66,NewTransmu,4,TRUE))),"",IF($V66="","",VLOOKUP(Z66,NewTransmu,4,TRUE))) -> 85 | AB66: =IF(ISERROR(IF(AA66="","",VLOOKUP(AA66,DESCRIPTORS,4,TRUE))),"",IF(AA66="","",VLOOKUP(AA66,DESCRIPTORS,4,TRUE))) -> Benchmarking | AV66: =(T66/$T$10)*100 -> 82.5 | AW66: =(U66/$U$10)*100 -> 72.5 | AX66: =(V66/$V$10)*100 -> 82.5
A67: 5 | B67: =INPUT!B67 -> Ilagan, Camille | F67: 18 | G67: 19 | H67: 19 | I67: 20 | J67: 17 | K67: =IF(COUNT($F67:$J67)=0,"",SUM($F67:$J67)) -> 93 | L67: =IF(ISERROR(IF($K67="","",ROUND(($K67/$K$10)*$L$10,2))),"",IF($K67="","",ROUND(($K67/$K$10)*$L$10,2))) -> 93 | M67: =IF($L67="","",ROUND($L67*$M$10,2)) -> 18.6 | N67: 46 | O67: 50 | P67: 49 | Q67: =IF(COUNT($N67:$P67)=0,"",SUM($N67:$P67)) -> 145 | R67: =IF(ISERROR(IF($Q67="","",ROUND(($Q67/$Q$10)*$R$10,2))),"",IF($Q67="","",ROUND(($Q67/$Q$10)*$R$10,2))) -> 96.67 | S67: =IF($R67="","",ROUND($R67*$S$10,2)) -> 48.34 | T67: 34 | U67: 37 | V67: 37 | W67: =IF(COUNT($T67:$V67)=0,"",SUM($T67:$V67)) -> 108 | X67: =IF(ISERROR(IF($W67="","",ROUND(($W67/$W$10)*$X$10,2))),"",IF($W67="","",ROUND(($W67/$W$10)*$X$10,2))) -> 90 | Y67: =IF($X67="","",ROUND($X67*$Y$10,2)) -> 27 | Z67: =IF(ISERROR(IF($V67="","",ROUND(SUM($M67,$S67,$Y67),2))),"",IF($V67="","",ROUND(SUM($M67,$S67,$Y67),2))) -> 93.94 | AA67: =IF(ISERROR(IF($V67="","",VLOOKUP(Z67,NewTransmu,4,TRUE))),"",IF($V67="","",VLOOKUP(Z67,NewTransmu,4,TRUE))) -> 95 | AB67: =IF(ISERROR(IF(AA67="","",VLOOKUP(AA67,DESCRIPTORS,4,TRUE))),"",IF(AA67="","",VLOOKUP(AA67,DESCRIPTORS,4,TRUE))) -> Advancing | AV67: =(T67/$T$10)*100 -> 85 | AW67: =(U67/$U$10)*100 -> 92.5 | AX67: =(V67/$V$10)*100 -> 92.5
A68: 6 | B68: =INPUT!B68 -> Jimenez, Carla | F68: 19 | G68: 19 | H68: 20 | I68: 18 | J68: 20 | K68: =IF(COUNT($F68:$J68)=0,"",SUM($F68:$J68)) -> 96 | L68: =IF(ISERROR(IF($K68="","",ROUND(($K68/$K$10)*$L$10,2))),"",IF($K68="","",ROUND(($K68/$K$10)*$L$10,2))) -> 96 | M68: =IF($L68="","",ROUND($L68*$M$10,2)) -> 19.2 | N68: 50 | O68: 50 | P68: 50 | Q68: =IF(COUNT($N68:$P68)=0,"",SUM($N68:$P68)) -> 150 | R68: =IF(ISERROR(IF($Q68="","",ROUND(($Q68/$Q$10)*$R$10,2))),"",IF($Q68="","",ROUND(($Q68/$Q$10)*$R$10,2))) -> 100 | S68: =IF($R68="","",ROUND($R68*$S$10,2)) -> 50 | T68: 35 | U68: 35 | V68: 36 | W68: =IF(COUNT($T68:$V68)=0,"",SUM($T68:$V68)) -> 106 | X68: =IF(ISERROR(IF($W68="","",ROUND(($W68/$W$10)*$X$10,2))),"",IF($W68="","",ROUND(($W68/$W$10)*$X$10,2))) -> 88.33 | Y68: =IF($X68="","",ROUND($X68*$Y$10,2)) -> 26.5 | Z68: =IF(ISERROR(IF($V68="","",ROUND(SUM($M68,$S68,$Y68),2))),"",IF($V68="","",ROUND(SUM($M68,$S68,$Y68),2))) -> 95.7 | AA68: =IF(ISERROR(IF($V68="","",VLOOKUP(Z68,NewTransmu,4,TRUE))),"",IF($V68="","",VLOOKUP(Z68,NewTransmu,4,TRUE))) -> 97 | AB68: =IF(ISERROR(IF(AA68="","",VLOOKUP(AA68,DESCRIPTORS,4,TRUE))),"",IF(AA68="","",VLOOKUP(AA68,DESCRIPTORS,4,TRUE))) -> Advancing | AV68: =(T68/$T$10)*100 -> 87.5 | AW68: =(U68/$U$10)*100 -> 87.5 | AX68: =(V68/$V$10)*100 -> 90
A69: 7 | B69: =INPUT!B69 -> Lacson, Chloe | F69: 15 | G69: 16 | H69: 17 | I69: 16 | J69: 15 | K69: =IF(COUNT($F69:$J69)=0,"",SUM($F69:$J69)) -> 79 | L69: =IF(ISERROR(IF($K69="","",ROUND(($K69/$K$10)*$L$10,2))),"",IF($K69="","",ROUND(($K69/$K$10)*$L$10,2))) -> 79 | M69: =IF($L69="","",ROUND($L69*$M$10,2)) -> 15.8 | N69: 38 | O69: 38 | P69: 43 | Q69: =IF(COUNT($N69:$P69)=0,"",SUM($N69:$P69)) -> 119 | R69: =IF(ISERROR(IF($Q69="","",ROUND(($Q69/$Q$10)*$R$10,2))),"",IF($Q69="","",ROUND(($Q69/$Q$10)*$R$10,2))) -> 79.33 | S69: =IF($R69="","",ROUND($R69*$S$10,2)) -> 39.67 | T69: 30 | U69: 28 | V69: 33 | W69: =IF(COUNT($T69:$V69)=0,"",SUM($T69:$V69)) -> 91 | X69: =IF(ISERROR(IF($W69="","",ROUND(($W69/$W$10)*$X$10,2))),"",IF($W69="","",ROUND(($W69/$W$10)*$X$10,2))) -> 75.83 | Y69: =IF($X69="","",ROUND($X69*$Y$10,2)) -> 22.75 | Z69: =IF(ISERROR(IF($V69="","",ROUND(SUM($M69,$S69,$Y69),2))),"",IF($V69="","",ROUND(SUM($M69,$S69,$Y69),2))) -> 78.22 | AA69: =IF(ISERROR(IF($V69="","",VLOOKUP(Z69,NewTransmu,4,TRUE))),"",IF($V69="","",VLOOKUP(Z69,NewTransmu,4,TRUE))) -> 80 | AB69: =IF(ISERROR(IF(AA69="","",VLOOKUP(AA69,DESCRIPTORS,4,TRUE))),"",IF(AA69="","",VLOOKUP(AA69,DESCRIPTORS,4,TRUE))) -> Benchmarking | AV69: =(T69/$T$10)*100 -> 75 | AW69: =(U69/$U$10)*100 -> 70 | AX69: =(V69/$V$10)*100 -> 82.5
A70: 8 | B70: =INPUT!B70 -> Lim, Clarisse | F70: 19 | G70: 19 | H70: 17 | I70: 18 | J70: 19 | K70: =IF(COUNT($F70:$J70)=0,"",SUM($F70:$J70)) -> 92 | L70: =IF(ISERROR(IF($K70="","",ROUND(($K70/$K$10)*$L$10,2))),"",IF($K70="","",ROUND(($K70/$K$10)*$L$10,2))) -> 92 | M70: =IF($L70="","",ROUND($L70*$M$10,2)) -> 18.4 | N70: 46 | O70: 47 | P70: 50 | Q70: =IF(COUNT($N70:$P70)=0,"",SUM($N70:$P70)) -> 143 | R70: =IF(ISERROR(IF($Q70="","",ROUND(($Q70/$Q$10)*$R$10,2))),"",IF($Q70="","",ROUND(($Q70/$Q$10)*$R$10,2))) -> 95.33 | S70: =IF($R70="","",ROUND($R70*$S$10,2)) -> 47.67 | T70: 33 | U70: 36 | V70: 35 | W70: =IF(COUNT($T70:$V70)=0,"",SUM($T70:$V70)) -> 104 | X70: =IF(ISERROR(IF($W70="","",ROUND(($W70/$W$10)*$X$10,2))),"",IF($W70="","",ROUND(($W70/$W$10)*$X$10,2))) -> 86.67 | Y70: =IF($X70="","",ROUND($X70*$Y$10,2)) -> 26 | Z70: =IF(ISERROR(IF($V70="","",ROUND(SUM($M70,$S70,$Y70),2))),"",IF($V70="","",ROUND(SUM($M70,$S70,$Y70),2))) -> 92.07 | AA70: =IF(ISERROR(IF($V70="","",VLOOKUP(Z70,NewTransmu,4,TRUE))),"",IF($V70="","",VLOOKUP(Z70,NewTransmu,4,TRUE))) -> 94 | AB70: =IF(ISERROR(IF(AA70="","",VLOOKUP(AA70,DESCRIPTORS,4,TRUE))),"",IF(AA70="","",VLOOKUP(AA70,DESCRIPTORS,4,TRUE))) -> Advancing | AV70: =(T70/$T$10)*100 -> 82.5 | AW70: =(U70/$U$10)*100 -> 90 | AX70: =(V70/$V$10)*100 -> 87.5
A71: 9 | B71: =INPUT!B71 -> Manalo, Danica | F71: 16 | G71: 14 | H71: 16 | I71: 16 | J71: 15 | K71: =IF(COUNT($F71:$J71)=0,"",SUM($F71:$J71)) -> 77 | L71: =IF(ISERROR(IF($K71="","",ROUND(($K71/$K$10)*$L$10,2))),"",IF($K71="","",ROUND(($K71/$K$10)*$L$10,2))) -> 77 | M71: =IF($L71="","",ROUND($L71*$M$10,2)) -> 15.4 | N71: 39 | O71: 40 | P71: 37 | Q71: =IF(COUNT($N71:$P71)=0,"",SUM($N71:$P71)) -> 116 | R71: =IF(ISERROR(IF($Q71="","",ROUND(($Q71/$Q$10)*$R$10,2))),"",IF($Q71="","",ROUND(($Q71/$Q$10)*$R$10,2))) -> 77.33 | S71: =IF($R71="","",ROUND($R71*$S$10,2)) -> 38.67 | T71: 26 | U71: 27 | V71: 29 | W71: =IF(COUNT($T71:$V71)=0,"",SUM($T71:$V71)) -> 82 | X71: =IF(ISERROR(IF($W71="","",ROUND(($W71/$W$10)*$X$10,2))),"",IF($W71="","",ROUND(($W71/$W$10)*$X$10,2))) -> 68.33 | Y71: =IF($X71="","",ROUND($X71*$Y$10,2)) -> 20.5 | Z71: =IF(ISERROR(IF($V71="","",ROUND(SUM($M71,$S71,$Y71),2))),"",IF($V71="","",ROUND(SUM($M71,$S71,$Y71),2))) -> 74.57 | AA71: =IF(ISERROR(IF($V71="","",VLOOKUP(Z71,NewTransmu,4,TRUE))),"",IF($V71="","",VLOOKUP(Z71,NewTransmu,4,TRUE))) -> 76 | AB71: =IF(ISERROR(IF(AA71="","",VLOOKUP(AA71,DESCRIPTORS,4,TRUE))),"",IF(AA71="","",VLOOKUP(AA71,DESCRIPTORS,4,TRUE))) -> Connecting | AV71: =(T71/$T$10)*100 -> 65 | AW71: =(U71/$U$10)*100 -> 67.5 | AX71: =(V71/$V$10)*100 -> 72.5
A72: 10 | B72: =INPUT!B72 -> Mendoza, Diana | F72: 16 | G72: 19 | H72: 17 | I72: 18 | J72: 17 | K72: =IF(COUNT($F72:$J72)=0,"",SUM($F72:$J72)) -> 87 | L72: =IF(ISERROR(IF($K72="","",ROUND(($K72/$K$10)*$L$10,2))),"",IF($K72="","",ROUND(($K72/$K$10)*$L$10,2))) -> 87 | M72: =IF($L72="","",ROUND($L72*$M$10,2)) -> 17.4 | N72: 42 | O72: 42 | P72: 46 | Q72: =IF(COUNT($N72:$P72)=0,"",SUM($N72:$P72)) -> 130 | R72: =IF(ISERROR(IF($Q72="","",ROUND(($Q72/$Q$10)*$R$10,2))),"",IF($Q72="","",ROUND(($Q72/$Q$10)*$R$10,2))) -> 86.67 | S72: =IF($R72="","",ROUND($R72*$S$10,2)) -> 43.34 | T72: 34 | U72: 32 | V72: 33 | W72: =IF(COUNT($T72:$V72)=0,"",SUM($T72:$V72)) -> 99 | X72: =IF(ISERROR(IF($W72="","",ROUND(($W72/$W$10)*$X$10,2))),"",IF($W72="","",ROUND(($W72/$W$10)*$X$10,2))) -> 82.5 | Y72: =IF($X72="","",ROUND($X72*$Y$10,2)) -> 24.75 | Z72: =IF(ISERROR(IF($V72="","",ROUND(SUM($M72,$S72,$Y72),2))),"",IF($V72="","",ROUND(SUM($M72,$S72,$Y72),2))) -> 85.49 | AA72: =IF(ISERROR(IF($V72="","",VLOOKUP(Z72,NewTransmu,4,TRUE))),"",IF($V72="","",VLOOKUP(Z72,NewTransmu,4,TRUE))) -> 87 | AB72: =IF(ISERROR(IF(AA72="","",VLOOKUP(AA72,DESCRIPTORS,4,TRUE))),"",IF(AA72="","",VLOOKUP(AA72,DESCRIPTORS,4,TRUE))) -> Benchmarking | AV72: =(T72/$T$10)*100 -> 85 | AW72: =(U72/$U$10)*100 -> 80 | AX72: =(V72/$V$10)*100 -> 82.5
A73: 11 | B73: =INPUT!B73 -> Navarro, Elena | F73: 17 | G73: 17 | H73: 18 | I73: 17 | J73: 18 | K73: =IF(COUNT($F73:$J73)=0,"",SUM($F73:$J73)) -> 87 | L73: =IF(ISERROR(IF($K73="","",ROUND(($K73/$K$10)*$L$10,2))),"",IF($K73="","",ROUND(($K73/$K$10)*$L$10,2))) -> 87 | M73: =IF($L73="","",ROUND($L73*$M$10,2)) -> 17.4 | N73: 46 | O73: 42 | P73: 41 | Q73: =IF(COUNT($N73:$P73)=0,"",SUM($N73:$P73)) -> 129 | R73: =IF(ISERROR(IF($Q73="","",ROUND(($Q73/$Q$10)*$R$10,2))),"",IF($Q73="","",ROUND(($Q73/$Q$10)*$R$10,2))) -> 86 | S73: =IF($R73="","",ROUND($R73*$S$10,2)) -> 43 | T73: 31 | U73: 32 | V73: 30 | W73: =IF(COUNT($T73:$V73)=0,"",SUM($T73:$V73)) -> 93 | X73: =IF(ISERROR(IF($W73="","",ROUND(($W73/$W$10)*$X$10,2))),"",IF($W73="","",ROUND(($W73/$W$10)*$X$10,2))) -> 77.5 | Y73: =IF($X73="","",ROUND($X73*$Y$10,2)) -> 23.25 | Z73: =IF(ISERROR(IF($V73="","",ROUND(SUM($M73,$S73,$Y73),2))),"",IF($V73="","",ROUND(SUM($M73,$S73,$Y73),2))) -> 83.65 | AA73: =IF(ISERROR(IF($V73="","",VLOOKUP(Z73,NewTransmu,4,TRUE))),"",IF($V73="","",VLOOKUP(Z73,NewTransmu,4,TRUE))) -> 85 | AB73: =IF(ISERROR(IF(AA73="","",VLOOKUP(AA73,DESCRIPTORS,4,TRUE))),"",IF(AA73="","",VLOOKUP(AA73,DESCRIPTORS,4,TRUE))) -> Benchmarking | AV73: =(T73/$T$10)*100 -> 77.5 | AW73: =(U73/$U$10)*100 -> 80 | AX73: =(V73/$V$10)*100 -> 75
A74: 12 | B74: =INPUT!B74 -> Ocampo, Ella | F74: 17 | G74: 16 | H74: 16 | I74: 16 | J74: 16 | K74: =IF(COUNT($F74:$J74)=0,"",SUM($F74:$J74)) -> 81 | L74: =IF(ISERROR(IF($K74="","",ROUND(($K74/$K$10)*$L$10,2))),"",IF($K74="","",ROUND(($K74/$K$10)*$L$10,2))) -> 81 | M74: =IF($L74="","",ROUND($L74*$M$10,2)) -> 16.2 | N74: 44 | O74: 41 | P74: 41 | Q74: =IF(COUNT($N74:$P74)=0,"",SUM($N74:$P74)) -> 126 | R74: =IF(ISERROR(IF($Q74="","",ROUND(($Q74/$Q$10)*$R$10,2))),"",IF($Q74="","",ROUND(($Q74/$Q$10)*$R$10,2))) -> 84 | S74: =IF($R74="","",ROUND($R74*$S$10,2)) -> 42 | T74: 29 | U74: 31 | V74: 31 | W74: =IF(COUNT($T74:$V74)=0,"",SUM($T74:$V74)) -> 91 | X74: =IF(ISERROR(IF($W74="","",ROUND(($W74/$W$10)*$X$10,2))),"",IF($W74="","",ROUND(($W74/$W$10)*$X$10,2))) -> 75.83 | Y74: =IF($X74="","",ROUND($X74*$Y$10,2)) -> 22.75 | Z74: =IF(ISERROR(IF($V74="","",ROUND(SUM($M74,$S74,$Y74),2))),"",IF($V74="","",ROUND(SUM($M74,$S74,$Y74),2))) -> 80.95 | AA74: =IF(ISERROR(IF($V74="","",VLOOKUP(Z74,NewTransmu,4,TRUE))),"",IF($V74="","",VLOOKUP(Z74,NewTransmu,4,TRUE))) -> 82 | AB74: =IF(ISERROR(IF(AA74="","",VLOOKUP(AA74,DESCRIPTORS,4,TRUE))),"",IF(AA74="","",VLOOKUP(AA74,DESCRIPTORS,4,TRUE))) -> Benchmarking | AV74: =(T74/$T$10)*100 -> 72.5 | AW74: =(U74/$U$10)*100 -> 77.5 | AX74: =(V74/$V$10)*100 -> 77.5
... A112: 50 | B112: =INPUT!B112 -> Evangelista, Danielle | F112: 16 | G112: 15 | H112: 17 | I112: 15 | J112: 16 | K112: =IF(COUNT($F112:$J112)=0,"",SUM($F112:$J112)) -> 79 | L112: =IF(ISERROR(IF($K112="","",ROUND(($K112/$K$10)*$L$10,2))),"",IF($K112="","",ROUND(($K112/$K$10)*$L$10,2))) -> 79 | M112: =IF($L112="","",ROUND($L112*$M$10,2)) -> 15.8 | N112: 42 | O112: 42 | P112: 46 | Q112: =IF(COUNT($N112:$P112)=0,"",SUM($N112:$P112)) -> 130 | R112: =IF(ISERROR(IF($Q112="","",ROUND(($Q112/$Q$10)*$R$10,2))),"",IF($Q112="","",ROUND(($Q112/$Q$10)*$R$10,2))) -> 86.67 | S112: =IF($R112="","",ROUND($R112*$S$10,2)) -> 43.34 | T112: 29 | U112: 32 | V112: 33 | W112: =IF(COUNT($T112:$V112)=0,"",SUM($T112:$V112)) -> 94 | X112: =IF(ISERROR(IF($W112="","",ROUND(($W112/$W$10)*$X$10,2))),"",IF($W112="","",ROUND(($W112/$W$10)*$X$10,2))) -> 78.33 | Y112: =IF($X112="","",ROUND($X112*$Y$10,2)) -> 23.5 | Z112: =IF(ISERROR(IF($V112="","",ROUND(SUM($M112,$S112,$Y112),2))),"",IF($V112="","",ROUND(SUM($M112,$S112,$Y112),2))) -> 82.64 | AA112: =IF(ISERROR(IF($V112="","",VLOOKUP(Z112,NewTransmu,4,TRUE))),"",IF($V112="","",VLOOKUP(Z112,NewTransmu,4,TRUE))) -> 84 | AB112: =IF(ISERROR(IF(AA112="","",VLOOKUP(AA112,DESCRIPTORS,4,TRUE))),"",IF(AA112="","",VLOOKUP(AA112,DESCRIPTORS,4,TRUE))) -> Benchmarking | AV112: =(T112/$T$10)*100 -> 72.5 | AW112: =(U112/$U$10)*100 -> 80 | AX112: =(V112/$V$10)*100 -> 82.5

Sheet TERM2
A1: Class Record
B4: REGION | G4: =INPUT!G4 -> Region IV-A (CALABARZON) | I4: DIVISION | L4: =INPUT!L4 -> Schools Division of Quezon
B5: SCHOOL NAME | G5: =INPUT!G5 -> Atimonan Central School Annex | Q5: SCHOOL ID | S5: =INPUT!S5 -> 108511 | V5: SCHOOL YEAR | Z5: =INPUT!Y5 -> 2025-2026
A7: TERM 2 | F7: GRADE & SECTION: | J7: =INPUT!J7 -> Grade 6 - Rizal | N7: TEACHER: | Q7: =INPUT!Q7 -> Jose Miguel Reyes | X7: SUBJECT: | Z7: =INPUT!Y7 -> Araling Panlipunan
B8: LEARNERS' NAMES | F8: WRITTEN / ORAL WORKS (20%) | N8: PRODUCT / PERFORMANCE TASKS (50%) | T8: SUMMATIVE TESTS AND TERM EXAMINATIONS (30%) | Z8: Initial Grade | AA8: Term Grade | AB8: Descriptior
F9: 1 | G9: 2 | H9: 3 | I9: 4 | J9: 5 | K9: Total | L9: PS | M9: WS | N9: 1 | O9: 2 | P9: 3 | Q9: Total | R9: PS | S9: WS | T9: ST1 | U9: ST2 | V9: TE | W9: Total | X9: PS | Y9: WS
B10: HIGHEST POSSIBLE SCORE | F10: 20 | G10: 20 | H10: 20 | I10: 20 | J10: 20 | K10: =IF(COUNT($F10:$J10)=0,"",SUM($F10:$J10)) -> 100 | L10: 100 | M10: 0.2 | N10: 50 | O10: 50 | P10: 50 | Q10: =IF(COUNT($N10:$P10)=0,"",SUM($N10:$P10)) -> 150 | R10: 100 | S10: 0.5 | T10: 40 | U10: 40 | V10: 40 | W10: {=IF(COUNT($T10:$V10=0),"",SUM($T10:$V10))} -> 120 | X10: 100 | Y10: 0.3
B11: MALE | AD11: TEST/EXAM RESULT ANALYSIS | AV11: ST1 | AW11: ST2 | AX11: TE
A12: 1 | B12: =INPUT!B12 -> Aguilar, Adrian | F12: 18 | G12: 17 | H12: 19 | I12: 17 | J12: 19 | K12: =IF(COUNT($F12:$J12)=0,"",SUM($F12:$J12)) -> 90 | L12: =IF(ISERROR(IF($K12="","",ROUND(($K12/$K$10)*$L$10,2))),"",IF($K12="","",ROUND(($K12/$K$10)*$L$10,2))) -> 90 | M12: =IF($L12="","",ROUND($L12*$M$10,2)) -> 18 | N12: 49 | O12: 47 | P12: 46 | Q12: =IF(COUNT($N12:$P12)=0,"",SUM($N12:$P12)) -> 142 | R12: =IF(ISERROR(IF($Q12="","",ROUND(($Q12/$Q$10)*$R$10,2))),"",IF($Q12="","",ROUND(($Q12/$Q$10)*$R$10,2))) -> 94.67 | S12: =IF($R12="","",ROUND($R12*$S$10,2)) -> 47.34 | T12: 36 | U12: 33 | V12: 35 | W12: =IF(COUNT($T12:$V12)=0,"",SUM($T12:$V12)) -> 104 | X12: =IF(ISERROR(IF($W12="","",ROUND(($W12/$W$10)*$X$10,2))),"",IF($W12="","",ROUND(($W12/$W$10)*$X$10,2))) -> 86.67 | Y12: =IF($X12="","",ROUND($X12*$Y$10,2)) -> 26 | Z12: =IF(ISERROR(IF($W12="","",ROUND(SUM($M12,$S12,$Y12),2))),"",IF($W12="","",ROUND(SUM($M12,$S12,$Y12),2))) -> 91.34 | AA12: =IF(ISERROR(IF($W12="","",VLOOKUP(Z12,NewTransmu,4,TRUE))),"",IF($W12="","",VLOOKUP(Z12,NewTransmu,4,TRUE))) -> 93 | AB12: =IF(ISERROR(IF(AA12="","",VLOOKUP(AA12,DESCRIPTORS,4,TRUE))),"",IF(AA12="","",VLOOKUP(AA12,DESCRIPTORS,4,TRUE))) -> Advancing | AV12: =(T12/$T$10)*100 -> 90 | AW12: =(U12/$U$10)*100 -> 82.5 | AX12: =(V12/$V$10)*100 -> 87.5
A13: 2 | B13: =INPUT!B13 -> Alcantara, Angelo | F13: 20 | G13: 20 | H13: 20 | I13: 20 | J13: 20 | K13: =IF(COUNT($F13:$J13)=0,"",SUM($F13:$J13)) -> 100 | L13: =IF(ISERROR(IF($K13="","",ROUND(($K13/$K$10)*$L$10,2))),"",IF($K13="","",ROUND(($K13/$K$10)*$L$10,2))) -> 100 | M13: =IF($L13="","",ROUND($L13*$M$10,2)) -> 20 | N13: 50 | O13: 50 | P13: 50 | Q13: =IF(COUNT($N13:$P13)=0,"",SUM($N13:$P13)) -> 150 | R13: =IF(ISERROR(IF($Q13="","",ROUND(($Q13/$Q$10)*$R$10,2))),"",IF($Q13="","",ROUND(($Q13/$Q$10)*$R$10,2))) -> 100 | S13: =IF($R13="","",ROUND($R13*$S$10,2)) -> 50 | T13: 36 | U13: 37 | V13: 35 | W13: =IF(COUNT($T13:$V13)=0,"",SUM($T13:$V13)) -> 108 | X13: =IF(ISERROR(IF($W13="","",ROUND(($W13/$W$10)*$X$10,2))),"",IF($W13="","",ROUND(($W13/$W$10)*$X$10,2))) -> 90 | Y13: =IF($X13="","",ROUND($X13*$Y$10,2)) -> 27 | Z13: =IF(ISERROR(IF($V13="","",ROUND(SUM($M13,$S13,$Y13),2))),"",IF($V13="","",ROUND(SUM($M13,$S13,$Y13),2))) -> 97 | AA13: =IF(ISERROR(IF($V13="","",VLOOKUP(Z13,NewTransmu,4,TRUE))),"",IF($V13="","",VLOOKUP(Z13,NewTransmu,4,TRUE))) -> 98 | AB13: =IF(ISERROR(IF(AA13="","",VLOOKUP(AA13,DESCRIPTORS,4,TRUE))),"",IF(AA13="","",VLOOKUP(AA13,DESCRIPTORS,4,TRUE))) -> Advancing | AE13: ST1 | AF13: ST2 | AG13: TE | AV13: =(T13/$T$10)*100 -> 90 | AW13: =(U13/$U$10)*100 -> 92.5 | AX13: =(V13/$V$10)*100 -> 87.5
A14: 3 | B14: =INPUT!B14 -> Andrada, Anton | F14: 17 | G14: 16 | H14: 18 | I14: 16 | J14: 17 | K14: =IF(COUNT($F14:$J14)=0,"",SUM($F14:$J14)) -> 84 | L14: =IF(ISERROR(IF($K14="","",ROUND(($K14/$K$10)*$L$10,2))),"",IF($K14="","",ROUND(($K14/$K$10)*$L$10,2))) -> 84 | M14: =IF($L14="","",ROUND($L14*$M$10,2)) -> 16.8 | N14: 42 | O14: 44 | P14: 45 | Q14: =IF(COUNT($N14:$P14)=0,"",SUM($N14:$P14)) -> 131 | R14: =IF(ISERROR(IF($Q14="","",ROUND(($Q14/$Q$10)*$R$10,2))),"",IF($Q14="","",ROUND(($Q14/$Q$10)*$R$10,2))) -> 87.33 | S14: =IF($R14="","",ROUND($R14*$S$10,2)) -> 43.67 | T14: 31 | U14: 31 | V14: 32 | W14: =IF(COUNT($T14:$V14)=0,"",SUM($T14:$V14)) -> 94 | X14: =IF(ISERROR(IF($W14="","",ROUND(($W14/$W$10)*$X$10,2))),"",IF($W14="","",ROUND(($W14/$W$10)*$X$10,2))) -> 78.33 | Y14: =IF($X14="","",ROUND($X14*$Y$10,2)) -> 23.5 | Z14: =IF(ISERROR(IF($V14="","",ROUND(SUM($M14,$S14,$Y14),2))),"",IF($V14="","",ROUND(SUM($M14,$S14,$Y14),2))) -> 83.97 | AA14: =IF(ISERROR(IF($V14="","",VLOOKUP(Z14,NewTransmu,4,TRUE))),"",IF($V14="","",VLOOKUP(Z14,NewTransmu,4,TRUE))) -> 85 | AB14: =IF(ISERROR(IF(AA14="","",VLOOKUP(AA14,DESCRIPTORS,4,TRUE))),"",IF(AA14="","",VLOOKUP(AA14,DESCRIPTORS,4,TRUE))) -> Benchmarking | AD14: Number of Examinees: | AE14: =COUNTA(T12:T112) -> 100 | AF14: =COUNTA(U12:U112) -> 100 | AG14: =COUNTA(V12:V112) -> 100 | AV14: =(T14/$T$10)*100 -> 77.5 | AW14: =(U14/$U$10)*100 -> 77.5 | AX14: =(V14/$V$10)*100 -> 80
A15: 4 | B15: =INPUT!B15 -> Bautista, Bryan | F15: 14 | G15: 15 | H15: 16 | I15: 14 | J15: 15 | K15: =IF(COUNT($F15:$J15)=0,"",SUM($F15:$J15)) -> 74 | L15: =IF(ISERROR(IF($K15="","",ROUND(($K15/$K$10)*$L$10,2))),"",IF($K15="","",ROUND(($K15/$K$10)*$L$10,2))) -> 74 | M15: =IF($L15="","",ROUND($L15*$M$10,2)) -> 14.8 | N15: 38 | O15: 38 | P15: 43 | Q15: =IF(COUNT($N15:$P15)=0,"",SUM($N15:$P15)) -> 119 | R15: =IF(ISERROR(IF($Q15="","",ROUND(($Q15/$Q$10)*$R$10,2))),"",IF($Q15="","",ROUND(($Q15/$Q$10)*$R$10,2))) -> 79.33 | S15: =IF($R15="","",ROUND($R15*$S$10,2)) -> 39.67 | T15: 30 | U15: 29 | V15: 29 | W15: =IF(COUNT($T15:$V15)=0,"",SUM($T15:$V15)) -> 88 | X15: =IF(ISERROR(IF($W15="","",ROUND(($W15/$W$10)*$X$10,2))),"",IF($W15="","",ROUND(($W15/$W$10)*$X$10,2))) -> 73.33 | Y15: =IF($X15="","",ROUND($X15*$Y$10,2)) -> 22 | Z15: =IF(ISERROR(IF($V15="","",ROUND(SUM($M15,$S15,$Y15),2))),"",IF($V15="","",ROUND(SUM($M15,$S15,$Y15),2))) -> 76.47 | AA15: =IF(ISERROR(IF($V15="","",VLOOKUP(Z15,NewTransmu,4,TRUE))),"",IF($V15="","",VLOOKUP(Z15,NewTransmu,4,TRUE))) -> 78 | AB15: =IF(ISERROR(IF(AA15="","",VLOOKUP(AA15,DESCRIPTORS,4,TRUE))),"",IF(AA15="","",VLOOKUP(AA15,DESCRIPTORS,4,TRUE))) -> Connecting | AD15: Highest Possible Score: | AE15: =T10 -> 40 | AF15: =U10 -> 40 | AG15: =V10 -> 40 | AV15: =(T15/$T$10)*100 -> 75 | AW15: =(U15/$U$10)*100 -> 72.5 | AX15: =(V15/$V$10)*100 -> 72.5
A16: 5 | B16: =INPUT!B16 -> Bernardo, Caleb | F16: 19 | G16: 20 | H16: 19 | I16: 19 | J16: 20 | K16: =IF(COUNT($F16:$J16)=0,"",SUM($F16:$J16)) -> 97 | L16: =IF(ISERROR(IF($K16="","",ROUND(($K16/$K$10)*$L$10,2))),"",IF($K16="","",ROUND(($K16/$K$10)*$L$10,2))) -> 97 | M16: =IF($L16="","",ROUND($L16*$M$10,2)) -> 19.4 | N16: 50 | O16: 50 | P16: 50 | Q16: =IF(COUNT($N16:$P16)=0,"",SUM($N16:$P16)) -> 150 | R16: =IF(ISERROR(IF($Q16="","",ROUND(($Q16/$Q$10)*$R$10,2))),"",IF($Q16="","",ROUND(($Q16/$Q$10)*$R$10,2))) -> 100 | S16: =IF($R16="","",ROUND($R16*$S$10,2)) -> 50 | T16: 37 | U16: 40 | V16: 37 | W16: =IF(COUNT($T16:$V16)=0,"",SUM($T16:$V16)) -> 114 | X16: =IF(ISERROR(IF($W16="","",ROUND(($W16/$W$10)*$X$10,2))),"",IF($W16="","",ROUND(($W16/$W$10)*$X$10,2))) -> 95 | Y16: =IF($X16="","",ROUND($X16*$Y$10,2)) -> 28.5 | Z16: =IF(ISERROR(IF($V16="","",ROUND(SUM($M16,$S16,$Y16),2))),"",IF($V16="","",ROUND(SUM($M16,$S16,$Y16),2))) -> 97.9 | AA16: =IF(ISERROR(IF($V16="","",VLOOKUP(Z16,NewTransmu,4,TRUE))),"",IF($V16="","",VLOOKUP(Z16,NewTransmu,4,TRUE))) -> 99 | AB16: =IF(ISERROR(IF(AA16="","",VLOOKUP(AA16,DESCRIPTORS,4,TRUE))),"",IF(AA16="","",VLOOKUP(AA16,DESCRIPTORS,4,TRUE))) -> Advancing | AV16: =(T16/$T$10)*100 -> 92.5 | AW16: =(U16/$U$10)*100 -> 100 | AX16: =(V16/$V$10)*100 -> 92.5
A17: 6 | B17: =INPUT!B17 -> Castillo, Carlo | F17: 18 | G17: 18 | H17: 19 | I17: 19 | J17: 19 | K17: =IF(COUNT($F17:$J17)=0,"",SUM($F17:$J17)) -> 93 | L17: =IF(ISERROR(IF($K17="","",ROUND(($K17/$K$10)*$L$10,2))),"",IF($K17="","",ROUND(($K17/$K$10)*$L$10,2))) -> 93 | M17: =IF($L17="","",ROUND($L17*$M$10,2)) -> 18.6 | N17: 43 | O17: 45 | P17: 50 | Q17: =IF(COUNT($N17:$P17)=0,"",SUM($N17:$P17)) -> 138 | R17: =IF(ISERROR(IF($Q17="","",ROUND(($Q17/$Q$10)*$R$10,2))),"",IF($Q17="","",ROUND(($Q17/$Q$10)*$R$10,2))) -> 92 | S17: =IF($R17="","",ROUND($R17*$S$10,2)) -> 46 | T17: 36 | U17: 34 | V17: 34 | W17: =IF(COUNT($T17:$V17)=0,"",SUM($T17:$V17)) -> 104 | X17: =IF(ISERROR(IF($W17="","",ROUND(($W17/$W$10)*$X$10,2))),"",IF($W17="","",ROUND(($W17/$W$10)*$X$10,2))) -> 86.67 | Y17: =IF($X17="","",ROUND($X17*$Y$10,2)) -> 26 | Z17: =IF(ISERROR(IF($V17="","",ROUND(SUM($M17,$S17,$Y17),2))),"",IF($V17="","",ROUND(SUM($M17,$S17,$Y17),2))) -> 90.6 | AA17: =IF(ISERROR(IF($V17="","",VLOOKUP(Z17,NewTransmu,4,TRUE))),"",IF($V17="","",VLOOKUP(Z17,NewTransmu,4,TRUE))) -> 92 | AB17: =IF(ISERROR(IF(AA17="","",VLOOKUP(AA17,DESCRIPTORS,4,TRUE))),"",IF(AA17="","",VLOOKUP(AA17,DESCRIPTORS,4,TRUE))) -> Advancing | AD17: CRITERION-REFERENCED | AE17: ST1 | AF17: ST2 | AG17: TE | AV17: =(T17/$T$10)*100 -> 90 | AW17: =(U17/$U$10)*100 -> 85 | AX17: =(V17/$V$10)*100 -> 85
A18: 7 | B18: =INPUT!B18 -> Cruz, Christian | F18: 18 | G18: 17 | H18: 16 | I18: 16 | J18: 18 | K18: =IF(COUNT($F18:$J18)=0,"",SUM($F18:$J18)) -> 85 | L18: =IF(ISERROR(IF($K18="","",ROUND(($K18/$K$10)*$L$10,2))),"",IF($K18="","",ROUND(($K18/$K$10)*$L$10,2))) -> 85 | M18: =IF($L18="","",ROUND($L18*$M$10,2)) -> 17 | N18: 44 | O18: 46 | P18: 43 | Q18: =IF(COUNT($N18:$P18)=0,"",SUM($N18:$P18)) -> 133 | R18: =IF(ISERROR(IF($Q18="","",ROUND(($Q18/$Q$10)*$R$10,2))),"",IF($Q18="","",ROUND(($Q18/$Q$10)*$R$10,2))) -> 88.67 | S18: =IF($R18="","",ROUND($R18*$S$10,2)) -> 44.34 | T18: 31 | U18: 31 | V18: 33 | W18: =IF(COUNT($T18:$V18)=0,"",SUM($T18:$V18)) -> 95 | X18: =IF(ISERROR(IF($W18="","",ROUND(($W18/$W$10)*$X$10,2))),"",IF($W18="","",ROUND(($W18/$W$10)*$X$10,2))) -> 79.17 | Y18: =IF($X18="","",ROUND($X18*$Y$10,2)) -> 23.75 | Z18: =IF(ISERROR(IF($V18="","",ROUND(SUM($M18,$S18,$Y18),2))),"",IF($V18="","",ROUND(SUM($M18,$S18,$Y18),2))) -> 85.09 | AA18: =IF(ISERROR(IF($V18="","",VLOOKUP(Z18,NewTransmu,4,TRUE))),"",IF($V18="","",VLOOKUP(Z18,NewTransmu,4,TRUE))) -> 87 | AB18: =IF(ISERROR(IF(AA18="","",VLOOKUP(AA18,DESCRIPTORS,4,TRUE))),"",IF(AA18="","",VLOOKUP(AA18,DESCRIPTORS,4,TRUE))) -> Benchmarking | AD18: Got 75% & above | AE18: =COUNTIF(AV12:AV112,">=75") -> 76 | AF18: =COUNTIF(AW12:AW112,">=75") -> 77 | AG18: =COUNTIF(AX12:AX112,">=75") -> 78 | AV18: =(T18/$T$10)*100 -> 77.5 | AW18: =(U18/$U$10)*100 -> 77.5 | AX18: =(V18/$V$10)*100 -> 82.5
A19: 8 | B19: =INPUT!B19 -> Dela Cruz, Daniel | F19: 19 | G19: 20 | H19: 20 | I19: 19 | J19: 20 | K19: =IF(COUNT($F19:$J19)=0,"",SUM($F19:$J19)) -> 98 | L19: =IF(ISERROR(IF($K19="","",ROUND(($K19/$K$10)*$L$10,2))),"",IF($K19="","",ROUND(($K19/$K$10)*$L$10,2))) -> 98 | M19: =IF($L19="","",ROUND($L19*$M$10,2)) -> 19.6 | N19: 49 | O19: 50 | P19: 50 | Q19: =IF(COUNT($N19:$P19)=0,"",SUM($N19:$P19)) -> 149 | R19: =IF(ISERROR(IF($Q19="","",ROUND(($Q19/$Q$10)*$R$10,2))),"",IF($Q19="","",ROUND(($Q19/$Q$10)*$R$10,2))) -> 99.33 | S19: =IF($R19="","",ROUND($R19*$S$10,2)) -> 49.67 | T19: 37 | U19: 40 | V19: 36 | W19: =IF(COUNT($T19:$V19)=0,"",SUM($T19:$V19)) -> 113 | X19: =IF(ISERROR(IF($W19="","",ROUND(($W19/$W$10)*$X$10,2))),"",IF($W19="","",ROUND(($W19/$W$10)*$X$10,2))) -> 94.17 | Y19: =IF($X19="","",ROUND($X19*$Y$10,2)) -> 28.25 | Z19: =IF(ISERROR(IF($V19="","",ROUND(SUM($M19,$S19,$Y19),2))),"",IF($V19="","",ROUND(SUM($M19,$S19,$Y19),2))) -> 97.52 | AA19: =IF(ISERROR(IF($V19="","",VLOOKUP(Z19,NewTransmu,4,TRUE))),"",IF($V19="","",VLOOKUP(Z19,NewTransmu,4,TRUE))) -> 99 | AB19: =IF(ISERROR(IF(AA19="","",VLOOKUP(AA19,DESCRIPTORS,4,TRUE))),"",IF(AA19="","",VLOOKUP(AA19,DESCRIPTORS,4,TRUE))) -> Advancing | AD19: Percentage | AE19: =IFERROR(AE18/AE14,"") -> 0.76 | AF19: =IFERROR(AF18/AF14,"") -> 0.77 | AG19: =IFERROR(AG18/AG14,"") -> 0.78 | AV19: =(T19/$T$10)*100 -> 92.5 | AW19: =(U19/$U$10)*100 -> 100 | AX19: =(V19/$V$10)*100 -> 90
A20: 9 | B20: =INPUT!B20 -> Diaz, Darren | F20: 17 | G20: 16 | H20: 17 | I20: 16 | J20: 17 | K20: =IF(COUNT($F20:$J20)=0,"",SUM($F20:$J20)) -> 83 | L20: =IF(ISERROR(IF($K20="","",ROUND(($K20/$K$10)*$L$10,2))),"",IF($K20="","",ROUND(($K20/$K$10)*$L$10,2))) -> 83 | M20: =IF($L20="","",ROUND($L20*$M$10,2)) -> 16.6 | N20: 41 | O20: 42 | P20: 48 | Q20: =IF(COUNT($N20:$P20)=0,"",SUM($N20:$P20)) -> 131 | R20: =IF(ISERROR(IF($Q20="","",ROUND(($Q20/$Q$10)*$R$10,2))),"",IF($Q20="","",ROUND(($Q20/$Q$10)*$R$10,2))) -> 87.33 | S20: =IF($R20="","",ROUND($R20*$S$10,2)) -> 43.67 | T20: 32 | U20: 35 | V20: 33 | W20: =IF(COUNT($T20:$V20)=0,"",SUM($T20:$V20)) -> 100 | X20: =IF(ISERROR(IF($W20="","",ROUND(($W20/$W$10)*$X$10,2))),"",IF($W20="","",ROUND(($W20/$W$10)*$X$10,2))) -> 83.33 | Y20: =IF($X20="","",ROUND($X20*$Y$10,2)) -> 25 | Z20: =IF(ISERROR(IF($V20="","",ROUND(SUM($M20,$S20,$Y20),2))),"",IF($V20="","",ROUND(SUM($M20,$S20,$Y20),2))) -> 85.27 | AA20: =IF(ISERROR(IF($V20="","",VLOOKUP(Z20,NewTransmu,4,TRUE))),"",IF($V20="","",VLOOKUP(Z20,NewTransmu,4,TRUE))) -> 87 | AB20: =IF(ISERROR(IF(AA20="","",VLOOKUP(AA20,DESCRIPTORS,4,TRUE))),"",IF(AA20="","",VLOOKUP(AA20,DESCRIPTORS,4,TRUE))) -> Benchmarking | AD20: Got below 75% | AE20: =AE14-AE18 -> 24 | AF20: =AF14-AF18 -> 23 | AG20: =AG14-AG18 -> 22 | AV20: =(T20/$T$10)*100 -> 80 | AW20: =(U20/$U$10)*100 -> 87.5 | AX20: =(V20/$V$10)*100 -> 82.5
A21: 10 | B21: =INPUT!B21 -> Evangelista, Diego | F21: 16 | G21: 17 | H21: 17 | I21: 16 | J21: 17 | K21: =IF(COUNT($F21:$J21)=0,"",SUM($F21:$J21)) -> 83 | L21: =IF(ISERROR(IF($K21="","",ROUND(($K21/$K$10)*$L$10,2))),"",IF($K21="","",ROUND(($K21/$K$10)*$L$10,2))) -> 83 | M21: =IF($L21="","",ROUND($L21*$M$10,2)) -> 16.6 | N21: 46 | O21: 43 | P21: 41 | Q21: =IF(COUNT($N21:$P21)=0,"",SUM($N21:$P21)) -> 130 | R21: =IF(ISERROR(IF($Q21="","",ROUND(($Q21/$Q$10)*$R$10,2))),"",IF($Q21="","",ROUND(($Q21/$Q$10)*$R$10,2))) -> 86.67 | S21: =IF($R21="","",ROUND($R21*$S$10,2)) -> 43.34 | T21: 30 | U21: 34 | V21: 30 | W21: =IF(COUNT($T21:$V21)=0,"",SUM($T21:$V21)) -> 94 | X21: =IF(ISERROR(IF($W21="","",ROUND(($W21/$W$10)*$X$10,2))),"",IF($W21="","",ROUND(($W21/$W$10)*$X$10,2))) -> 78.33 | Y21: =IF($X21="","",ROUND($X21*$Y$10,2)) -> 23.5 | Z21: =IF(ISERROR(IF($V21="","",ROUND(SUM($M21,$S21,$Y21),2))),"",IF($V21="","",ROUND(SUM($M21,$S21,$Y21),2))) -> 83.44 | AA21: =IF(ISERROR(IF($V21="","",VLOOKUP(Z21,NewTransmu,4,TRUE))),"",IF($V21="","",VLOOKUP(Z21,NewTransmu,4,TRUE))) -> 85 | AB21: =IF(ISERROR(IF(AA21="","",VLOOKUP(AA21,DESCRIPTORS,4,TRUE))),"",IF(AA21="","",VLOOKUP(AA21,DESCRIPTORS,4,TRUE))) -> Benchmarking | AD21: Percentage | AE21: =IFERROR(1-AE19,"") -> 0.24 | AF21: =IFERROR(1-AF19,"") -> 0.23 | AG21: =IFERROR(1-AG19,"") -> 0.22 | AV21: =(T21/$T$10)*100 -> 75 | AW21: =(U21/$U$10)*100 -> 85 | AX21: =(V21/$V$10)*100 -> 75
A22: 11 | B22: =INPUT!B22 -> Fernandez, Ethan | F22: 16 | G22: 14 | H22: 14 | I22: 16 | J22: 15 | K22: =IF(COUNT($F22:$J22)=0,"",SUM($F22:$J22)) -> 75 | L22: =IF(ISERROR(IF($K22="","",ROUND(($K22/$K$10)*$L$10,2))),"",IF($K22="","",ROUND(($K22/$K$10)*$L$10,2))) -> 75 | M22: =IF($L22="","",ROUND($L22*$M$10,2)) -> 15 | N22: 41 | O22: 38 | P22: 37 | Q22: =IF(COUNT($N22:$P22)=0,"",SUM($N22:$P22)) -> 116 | R22: =IF(ISERROR(IF($Q22="","",ROUND(($Q22/$Q$10)*$R$10,2))),"",IF($Q22="","",ROUND(($Q22/$Q$10)*$R$10,2))) -> 77.33 | S22: =IF($R22="","",ROUND($R22*$S$10,2)) -> 38.67 | T22: 25 | U22: 26 | V22: 26 | W22: =IF(COUNT($T22:$V22)=0,"",SUM($T22:$V22)) -> 77 | X22: =IF(ISERROR(IF($W22="","",ROUND(($W22/$W$10)*$X$10,2))),"",IF($W22="","",ROUND(($W22/$W$10)*$X$10,2))) -> 64.17 | Y22: =IF($X22="","",ROUND($X22*$Y$10,2)) -> 19.25 | Z22: =IF(ISERROR(IF($V22="","",ROUND(SUM($M22,$S22,$Y22),2))),"",IF($V22="","",ROUND(SUM($M22,$S22,$Y22),2))) -> 72.92 | AA22: =IF(ISERROR(IF($V22="","",VLOOKUP(Z22,NewTransmu,4,TRUE))),"",IF($V22="","",VLOOKUP(Z22,NewTransmu,4,TRUE))) -> 75 | AB22: =IF(ISERROR(IF(AA22="","",VLOOKUP(AA22,DESCRIPTORS,4,TRUE))),"",IF(AA22="","",VLOOKUP(AA22,DESCRIPTORS,4,TRUE))) -> Connecting | AV22: =(T22/$T$10)*100 -> 62.5 | AW22: =(U22/$U$10)*100 -> 65 | AX22: =(V22/$V$10)*100 -> 65
A23: 12 | B23: =INPUT!B23 -> Garcia, Gabriel | F23: 15 | G23: 16 | H23: 14 | I23: 17 | J23: 14 | K23: =IF(COUNT($F23:$J23)=0,"",SUM($F23:$J23)) -> 76 | L23: =IF(ISERROR(IF($K23="","",ROUND(($K23/$K$10)*$L$10,2))),"",IF($K23="","",ROUND(($K23/$K$10)*$L$10,2))) -> 76 | M23: =IF($L23="","",ROUND($L23*$M$10,2)) -> 15.2 | N23: 40 | O23: 42 | P23: 42 | Q23: =IF(COUNT($N23:$P23)=0,"",SUM($N23:$P23)) -> 124 | R23: =IF(ISERROR(IF($Q23="","",ROUND(($Q23/$Q$10)*$R$10,2))),"",IF($Q23="","",ROUND(($Q23/$Q$10)*$R$10,2))) -> 82.67 | S23: =IF($R23="","",ROUND($R23*$S$10,2)) -> 41.34 | T23: 31 | U23: 28 | V23: 28 | W23: =IF(COUNT($T23:$V23)=0,"",SUM($T23:$V23)) -> 87 | X23: =IF(ISERROR(IF($W23="","",ROUND(($W23/$W$10)*$X$10,2))),"",IF($W23="","",ROUND(($W23/$W$10)*$X$10,2))) -> 72.5 | Y23: =IF($X23="","",ROUND($X23*$Y$10,2)) -> 21.75 | Z23: =IF(ISERROR(IF($V23="","",ROUND(SUM($M23,$S23,$Y23),2))),"",IF($V23="","",ROUND(SUM($M23,$S23,$Y23),2))) -> 78.29 | AA23: =IF(ISERROR(IF($V23="","",VLOOKUP(Z23,NewTransmu,4,TRUE))),"",IF($V23="","",VLOOKUP(Z23,NewTransmu,4,TRUE))) -> 80 | AB23: =IF(ISERROR(IF(AA23="","",VLOOKUP(AA23,DESCRIPTORS,4,TRUE))),"",IF(AA23="","",VLOOKUP(AA23,DESCRIPTORS,4,TRUE))) -> Benchmarking | AD23: NORM-REFERENCED | AE23: ST1 | AF23: ST2 | AG23: TE | AV23: =(T23/$T$10)*100 -> 77.5 | AW23: =(U23/$U$10)*100 -> 70 | AX23: =(V23/$V$10)*100 -> 70
A24: 13 | B24: =INPUT!B24 -> Gonzales, Harold | F24: 18 | G24: 20 | H24: 20 | I24: 20 | J24: 20 | K24: =IF(COUNT($F24:$J24)=0,"",SUM($F24:$J24)) -> 98 | L24: =IF(ISERROR(IF($K24="","",ROUND(($K24/$K$10)*$L$10,2))),"",IF($K24="","",ROUND(($K24/$K$10)*$L$10,2))) -> 98 | M24: =IF($L24="","",ROUND($L24*$M$10,2)) -> 19.6 | N24: 48 | O24: 48 | P24: 50 | Q24: =IF(COUNT($N24:$P24)=0,"",SUM($N24:$P24)) -> 146 | R24: =IF(ISERROR(IF($Q24="","",ROUND(($Q24/$Q$10)*$R$10,2))),"",IF($Q24="","",ROUND(($Q24/$Q$10)*$R$10,2))) -> 97.33 | S24: =IF($R24="","",ROUND($R24*$S$10,2)) -> 48.67 | T24: 37 | U24: 36 | V24: 40 | W24: =IF(COUNT($T24:$V24)=0,"",SUM($T24:$V24)) -> 113 | X24: =IF(ISERROR(IF($W24="","",ROUND(($W24/$W$10)*$X$10,2))),"",IF($W24="","",ROUND(($W24/$W$10)*$X$10,2))) -> 94.17 | Y24: =IF($X24="","",ROUND($X24*$Y$10,2)) -> 28.25 | Z24: =IF(ISERROR(IF($V24="","",ROUND(SUM($M24,$S24,$Y24),2))),"",IF($V24="","",ROUND(SUM($M24,$S24,$Y24),2))) -> 96.52 | AA24: =IF(ISERROR(IF($V24="","",VLOOKUP(Z24,NewTransmu,4,TRUE))),"",IF($V24="","",VLOOKUP(Z24,NewTransmu,4,TRUE))) -> 98 | AB24: =IF(ISERROR(IF(AA24="","",VLOOKUP(AA24,DESCRIPTORS,4,TRUE))),"",IF(AA24="","",VLOOKUP(AA24,DESCRIPTORS,4,TRUE))) -> Advancing | AD24: Mean | AE24: =IFERROR(AVERAGE(T12:T112),"") -> 31.58 | AF24: =IFERROR(AVERAGE(U12:U112),"") -> 31.79 | AG24: =IFERROR(AVERAGE(V12:V112),"") -> 31.73 | AV24: =(T24/$T$10)*100 -> 92.5 | AW24: =(U24/$U$10)*100 -> 90 | AX24: =(V24/$V$10)*100 -> 100
A25: 14 | B25: =INPUT!B25 -> Hernandez, Ivan | F25: 17 | G25: 18 | H25: 18 | I25: 17 | J25: 18 | K25: =IF(COUNT($F25:$J25)=0,"",SUM($F25:$J25)) -> 88 | L25: =IF(ISERROR(IF($K25="","",ROUND(($K25/$K$10)*$L$10,2))),"",IF($K25="","",ROUND(($K25/$K$10)*$L$10,2))) -> 88 | M25: =IF($L25="","",ROUND($L25*$M$10,2)) -> 17.6 | N25: 48 | O25: 45 | P25: 49 | Q25: =IF(COUNT($N25:$P25)=0,"",SUM($N25:$P25)) -> 142 | R25: =IF(ISERROR(IF($Q25="","",ROUND(($Q25/$Q$10)*$R$10,2))),"",IF($Q25="","",ROUND(($Q25/$Q$10)*$R$10,2))) -> 94.67 | S25: =IF($R25="","",ROUND($R25*$S$10,2)) -> 47.34 | T25: 36 | U25: 34 | V25: 36 | W25: =IF(COUNT($T25:$V25)=0,"",SUM($T25:$V25)) -> 106 | X25: =IF(ISERROR(IF($W25="","",ROUND(($W25/$W$10)*$X$10,2))),"",IF($W25="","",ROUND(($W25/$W$10)*$X$10,2))) -> 88.33 | Y25: =IF($X25="","",ROUND($X25*$Y$10,2)) -> 26.5 | Z25: =IF(ISERROR(IF($V25="","",ROUND(SUM($M25,$S25,$Y25),2))),"",IF($V25="","",ROUND(SUM($M25,$S25,$Y25),2))) -> 91.44 | AA25: =IF(ISERROR(IF($V25="","",VLOOKUP(Z25,NewTransmu,4,TRUE))),"",IF($V25="","",VLOOKUP(Z25,NewTransmu,4,TRUE))) -> 93 | AB25: =IF(ISERROR(IF(AA25="","",VLOOKUP(AA25,DESCRIPTORS,4,TRUE))),"",IF(AA25="","",VLOOKUP(AA25,DESCRIPTORS,4,TRUE))) -> Advancing | AD25: Median | AE25: =IFERROR(MEDIAN(T12:T112),"") -> 33 | AF25: =IFERROR(MEDIAN(U12:U112),"") -> 33 | AG25: =IFERROR(MEDIAN(V12:V112),"") -> 33 | AV25: =(T25/$T$10)*100 -> 90 | AW25: =(U25/$U$10)*100 -> 85 | AX25: =(V25/$V$10)*100 -> 90
A26: 15 | B26: =INPUT!B26 -> Ilagan, Jacob | F26: 9 | G26: 8 | H26: 8 | I26: 10 | J26: 8 | K26: =IF(COUNT($F26:$J26)=0,"",SUM($F26:$J26)) -> 43 | L26: =IF(ISERROR(IF($K26="","",ROUND(($K26/$K$10)*$L$10,2))),"",IF($K26="","",ROUND(($K26/$K$10)*$L$10,2))) -> 43 | M26: =IF($L26="","",ROUND($L26*$M$10,2)) -> 8.6 | N26: 23 | O26: 26 | P26: 21 | Q26: =IF(COUNT($N26:$P26)=0,"",SUM($N26:$P26)) -> 70 | R26: =IF(ISERROR(IF($Q26="","",ROUND(($Q26/$Q$10)*$R$10,2))),"",IF($Q26="","",ROUND(($Q26/$Q$10)*$R$10,2))) -> 46.67 | S26: =IF($R26="","",ROUND($R26*$S$10,2)) -> 23.34 | T26: 17 | U26: 15 | V26: 14 | W26: =IF(COUNT($T26:$V26)=0,"",SUM($T26:$V26)) -> 46 | X26: =IF(ISERROR(IF($W26="","",ROUND(($W26/$W$10)*$X$10,2))),"",IF($W26="","",ROUND(($W26/$W$10)*$X$10,2))) -> 38.33 | Y26: =IF($X26="","",ROUND($X26*$Y$10,2)) -> 11.5 | Z26: =IF(ISERROR(IF($V26="","",ROUND(SUM($M26,$S26,$Y26),2))),"",IF($V26="","",ROUND(SUM($M26,$S26,$Y26),2))) -> 43.44 | AA26: =IF(ISERROR(IF($V26="","",VLOOKUP(Z26,NewTransmu,4,TRUE))),"",IF($V26="","",VLOOKUP(Z26,NewTransmu,4,TRUE))) -> 62 | AB26: =IF(ISERROR(IF(AA26="","",VLOOKUP(AA26,DESCRIPTORS,4,TRUE))),"",IF(AA26="","",VLOOKUP(AA26,DESCRIPTORS,4,TRUE))) -> Emerging | AD26: SD | AE26: =IFERROR(_xlfn.STDEV.S(T12:T112),"") -> 5.0835047 | AF26: =_xlfn.STDEV.S(U12:U112) -> 5.1645548 | AG26: =_xlfn.STDEV.S(V12:V112) -> 4.9377028 | AV26: =(T26/$T$10)*100 -> 42.5 | AW26: =(U26/$U$10)*100 -> 37.5 | AX26: =(V26/$V$10)*100 -> 35
A27: 16 | B27: =INPUT!B27 -> Jimenez, James | F27: 18 | G27: 18 | H27: 18 | I27: 17 | J27: 18 | K27: =IF(COUNT($F27:$J27)=0,"",SUM($F27:$J27)) -> 89 | L27: =IF(ISERROR(IF($K27="","",ROUND(($K27/$K$10)*$L$10,2))),"",IF($K27="","",ROUND(($K27/$K$10)*$L$10,2))) -> 89 | M27: =IF($L27="","",ROUND($L27*$M$10,2)) -> 17.8 | N27: 44 | O27: 49 | P27: 47 | Q27: =IF(COUNT($N27:$P27)=0,"",SUM($N27:$P27)) -> 140 | R27: =IF(ISERROR(IF($Q27="","",ROUND(($Q27/$Q$10)*$R$10,2))),"",IF($Q27="","",ROUND(($Q27/$Q$10)*$R$10,2))) -> 93.33 | S27: =IF($R27="","",ROUND($R27*$S$10,2)) -> 46.67 | T27: 34 | U27: 36 | V27: 34 | W27: =IF(COUNT($T27:$V27)=0,"",SUM($T27:$V27)) -> 104 | X27: =IF(ISERROR(IF($W27="","",ROUND(($W27/$W$10)*$X$10,2))),"",IF($W27="","",ROUND(($W27/$W$10)*$X$10,2))) -> 86.67 | Y27: =IF($X27="","",ROUND($X27*$Y$10,2)) -> 26 | Z27: =IF(ISERROR(IF($V27="","",ROUND(SUM($M27,$S27,$Y27),2))),"",IF($V27="","",ROUND(SUM($M27,$S27,$Y27),2))) -> 90.47 | AA27: =IF(ISERROR(IF($V27="","",VLOOKUP(Z27,NewTransmu,4,TRUE))),"",IF($V27="","",VLOOKUP(Z27,NewTransmu,4,TRUE))) -> 92 | AB27: =IF(ISERROR(IF(AA27="","",VLOOKUP(AA27,DESCRIPTORS,4,TRUE))),"",IF(AA27="","",VLOOKUP(AA27,DESCRIPTORS,4,TRUE))) -> Advancing | AD27: MPS/PL | AE27: =IFERROR(AE24/AE15,"") -> 0.7895 | AF27: =IFERROR(AF24/AF15,"") -> 0.79475 | AG27: =IFERROR(AG24/AG15,"") -> 0.79325 | AV27: =(T27/$T$10)*100 -> 85 | AW27: =(U27/$U$10)*100 -> 90 | AX27: =(V27/$V$10)*100 -> 85
A28: 17 | B28: =INPUT!B28 -> Lacson, Jared | F28: 20 | G28: 17 | H28: 19 | I28: 19 | J28: 19 | K28: =IF(COUNT($F28:$J28)=0,"",SUM($F28:$J28)) -> 94 | L28: =IF(ISERROR(IF($K28="","",ROUND(($K28/$K$10)*$L$10,2))),"",IF($K28="","",ROUND(($K28/$K$10)*$L$10,2))) -> 94 | M28: =IF($L28="","",ROUND($L28*$M$10,2)) -> 18.8 | N28: 50 | O28: 50 | P28: 50 | Q28: =IF(COUNT($N28:$P28)=0,"",SUM($N28:$P28)) -> 150 | R28: =IF(ISERROR(IF($Q28="","",ROUND(($Q28/$Q$10)*$R$10,2))),"",IF($Q28="","",ROUND(($Q28/$Q$10)*$R$10,2))) -> 100 | S28: =IF($R28="","",ROUND($R28*$S$10,2)) -> 50 | T28: 36 | U28: 34 | V28: 35 | W28: =IF(COUNT($T28:$V28)=0,"",SUM($T28:$V28)) -> 105 | X28: =IF(ISERROR(IF($W28="","",ROUND(($W28/$W$10)*$X$10,2))),"",IF($W28="","",ROUND(($W28/$W$10)*$X$10,2))) -> 87.5 | Y28: =IF($X28="","",ROUND($X28*$Y$10,2)) -> 26.25 | Z28: =IF(ISERROR(IF($V28="","",ROUND(SUM($M28,$S28,$Y28),2))),"",IF($V28="","",ROUND(SUM($M28,$S28,$Y28),2))) -> 95.05 | AA28: =IF(ISERROR(IF($V28="","",VLOOKUP(Z28,NewTransmu,4,TRUE))),"",IF($V28="","",VLOOKUP(Z28,NewTransmu,4,TRUE))) -> 97 | AB28: =IF(ISERROR(IF(AA28="","",VLOOKUP(AA28,DESCRIPTORS,4,TRUE))),"",IF(AA28="","",VLOOKUP(AA28,DESCRIPTORS,4,TRUE))) -> Advancing | AV28: =(T28/$T$10)*100 -> 90 | AW28: =(U28/$U$10)*100 -> 85 | AX28: =(V28/$V$10)*100 -> 87.5
A29: 18 | B29: =INPUT!B29 -> Lim, Jericho | F29: 19 | G29: 19 | H29: 19 | I29: 20 | J29: 20 | K29: =IF(COUNT($F29:$J29)=0,"",SUM($F29:$J29)) -> 97 | L29: =IF(ISERROR(IF($K29="","",ROUND(($K29/$K$10)*$L$10,2))),"",IF($K29="","",ROUND(($K29/$K$10)*$L$10,2))) -> 97 | M29: =IF($L29="","",ROUND($L29*$M$10,2)) -> 19.4 | N29: 48 | O29: 47 | P29: 50 | Q29: =IF(COUNT($N29:$P29)=0,"",SUM($N29:$P29)) -> 145 | R29: =IF(ISERROR(IF($Q29="","",ROUND(($Q29/$Q$10)*$R$10,2))),"",IF($Q29="","",ROUND(($Q29/$Q$10)*$R$10,2))) -> 96.67 | S29: =IF($R29="","",ROUND($R29*$S$10,2)) -> 48.34 | T29: 39 | U29: 38 | V29: 35 | W29: =IF(COUNT($T29:$V29)=0,"",SUM($T29:$V29)) -> 112 | X29: =IF(ISERROR(IF($W29="","",ROUND(($W29/$W$10)*$X$10,2))),"",IF($W29="","",ROUND(($W29/$W$10)*$X$10,2))) -> 93.33 | Y29: =IF($X29="","",ROUND($X29*$Y$10,2)) -> 28 | Z29: =IF(ISERROR(IF($V29="","",ROUND(SUM($M29,$S29,$Y29),2))),"",IF($V29="","",ROUND(SUM($M29,$S29,$Y29),2))) -> 95.74 | AA29: =IF(ISERROR(IF($V29="","",VLOOKUP(Z29,NewTransmu,4,TRUE))),"",IF($V29="","",VLOOKUP(Z29,NewTransmu,4,TRUE))) -> 97 | AB29: =IF(ISERROR(IF(AA29="","",VLOOKUP(AA29,DESCRIPTORS,4,TRUE))),"",IF(AA29="","",VLOOKUP(AA29,DESCRIPTORS,4,TRUE))) -> Advancing | AD29: OTHER INFO | AE29: ST1 | AF29: ST2 | AG29: TE | AV29: =(T29/$T$10)*100 -> 97.5 | AW29: =(U29/$U$10)*100 -> 95 | AX29: =(V29/$V$10)*100 -> 87.5
A30: 19 | B30: =INPUT!B30 -> Manalo, Joaquin | F30: 18 | G30: 17 | H30: 19 | I30: 17 | J30: 18 | K30: =IF(COUNT($F30:$J30)=0,"",SUM($F30:$J30)) -> 89 | L30: =IF(ISERROR(IF($K30="","",ROUND(($K30/$K$10)*$L$10,2))),"",IF($K30="","",ROUND(($K30/$K$10)*$L$10,2))) -> 89 | M30: =IF($L30="","",ROUND($L30*$M$10,2)) -> 17.8 | N30: 46 | O30: 49 | P30: 44 | Q30: =IF(COUNT($N30:$P30)=0,"",SUM($N30:$P30)) -> 139 | R30: =IF(ISERROR(IF($Q30="","",ROUND(($Q30/$Q$10)*$R$10,2))),"",IF($Q30="","",ROUND(($Q30/$Q$10)*$R$10,2))) -> 92.67 | S30: =IF($R30="","",ROUND($R30*$S$10,2)) -> 46.34 | T30: 33 | U30: 37 | V30: 33 | W30: =IF(COUNT($T30:$V30)=0,"",SUM($T30:$V30)) -> 103 | X30: =IF(ISERROR(IF($W30="","",ROUND(($W30/$W$10)*$X$10,2))),"",IF($W30="","",ROUND(($W30/$W$10)*$X$10,2))) -> 85.83 | Y30: =IF($X30="","",ROUND($X30*$Y$10,2)) -> 25.75 | Z30: =IF(ISERROR(IF($V30="","",ROUND(SUM($M30,$S30,$Y30),2))),"",IF($V30="","",ROUND(SUM($M30,$S30,$Y30),2))) -> 89.89 | AA30: =IF(ISERROR(IF($V30="","",VLOOKUP(Z30,NewTransmu,4,TRUE))),"",IF($V30="","",VLOOKUP(Z30,NewTransmu,4,TRUE))) -> 91 | AB30: =IF(ISERROR(IF(AA30="","",VLOOKUP(AA30,DESCRIPTORS,4,TRUE))),"",IF(AA30="","",VLOOKUP(AA30,DESCRIPTORS,4,TRUE))) -> Advancing | AD30: Highest Score | AE30: =IF(COUNTA(T12:T112)=0,"",MAX(T12:T112)) -> 39 | AF30: =IF(COUNTA(U12:U112)=0,"",MAX(U12:U112)) -> 40 | AG30: =IF(COUNTA(V12:V112)=0,"",MAX(V12:V112)) -> 40 | AV30: =(T30/$T$10)*100 -> 82.5 | AW30: =(U30/$U$10)*100 -> 92.5 | AX30: =(V30/$V$10)*100 -> 82.5
A31: 20 | B31: =INPUT!B31 -> Mendoza, Joshua | F31: 18 | G31: 17 | H31: 18 | I31: 16 | J31: 17 | K31: =IF(COUNT($F31:$J31)=0,"",SUM($F31:$J31)) -> 86 | L31: =IF(ISERROR(IF($K31="","",ROUND(($K31/$K$10)*$L$10,2))),"",IF($K31="","",ROUND(($K31/$K$10)*$L$10,2))) -> 86 | M31: =IF($L31="","",ROUND($L31*$M$10,2)) -> 17.2 | N31: 42 | O31: 45 | P31: 47 | Q31: =IF(COUNT($N31:$P31)=0,"",SUM($N31:$P31)) -> 134 | R31: =IF(ISERROR(IF($Q31="","",ROUND(($Q31/$Q$10)*$R$10,2))),"",IF($Q31="","",ROUND(($Q31/$Q$10)*$R$10,2))) -> 89.33 | S31: =IF($R31="","",ROUND($R31*$S$10,2)) -> 44.67 | T31: 34 | U31: 35 | V31: 35 | W31: =IF(COUNT($T31:$V31)=0,"",SUM($T31:$V31)) -> 104 | X31: =IF(ISERROR(IF($W31="","",ROUND(($W31/$W$10)*$X$10,2))),"",IF($W31="","",ROUND(($W31/$W$10)*$X$10,2))) -> 86.67 | Y31: =IF($X31="","",ROUND($X31*$Y$10,2)) -> 26 | Z31: =IF(ISERROR(IF($V31="","",ROUND(SUM($M31,$S31,$Y31),2))),"",IF($V31="","",ROUND(SUM($M31,$S31,$Y31),2))) -> 87.87 | AA31: =IF(ISERROR(IF($V31="","",VLOOKUP(Z31,NewTransmu,4,TRUE))),"",IF($V31="","",VLOOKUP(Z31,NewTransmu,4,TRUE))) -> 89 | AB31: =IF(ISERROR(IF(AA31="","",VLOOKUP(AA31,DESCRIPTORS,4,TRUE))),"",IF(AA31="","",VLOOKUP(AA31,DESCRIPTORS,4,TRUE))) -> Benchmarking | AD31: Lowest Score | AE31: =IF(COUNTA(T12:T112)=0,"",MIN(T12:T112)) -> 16 | AF31: =IF(COUNTA(U12:U112)=0,"",MIN(U12:U112)) -> 15 | AG31: =IF(COUNTA(V12:V112)=0,"",MIN(V12:V112)) -> 14 | AV31: =(T31/$T$10)*100 -> 85 | AW31: =(U31/$U$10)*100 -> 87.5 | AX31: =(V31/$V$10)*100 -> 87.5
A32: 21 | B32: =INPUT!B32 -> Navarro, Lance | F32: 19 | G32: 17 | H32: 19 | I32: 20 | J32: 19 | K32: =IF(COUNT($F32:$J32)=0,"",SUM($F32:$J32)) -> 94 | L32: =IF(ISERROR(IF($K32="","",ROUND(($K32/$K$10)*$L$10,2))),"",IF($K32="","",ROUND(($K32/$K$10)*$L$10,2))) -> 94 | M32: =IF($L32="","",ROUND($L32*$M$10,2)) -> 18.8 | N32: 47 | O32: 45 | P32: 49 | Q32: =IF(COUNT($N32:$P32)=0,"",SUM($N32:$P32)) -> 141 | R32: =IF(ISERROR(IF($Q32="","",ROUND(($Q32/$Q$10)*$R$10,2))),"",IF($Q32="","",ROUND(($Q32/$Q$10)*$R$10,2))) -> 94 | S32: =IF($R32="","",ROUND($R32*$S$10,2)) -> 47 | T32: 33 | U32: 35 | V32: 33 | W32: =IF(COUNT($T32:$V32)=0,"",SUM($T32:$V32)) -> 101 | X32: =IF(ISERROR(IF($W32="","",ROUND(($W32/$W$10)*$X$10,2))),"",IF($W32="","",ROUND(($W32/$W$10)*$X$10,2))) -> 84.17 | Y32: =IF($X32="","",ROUND($X32*$Y$10,2)) -> 25.25 | Z32: =IF(ISERROR(IF($V32="","",ROUND(SUM($M32,$S32,$Y32),2))),"",IF($V32="","",ROUND(SUM($M32,$S32,$Y32),2))) -> 91.05 | AA32: =IF(ISERROR(IF($V32="","",VLOOKUP(Z32,NewTransmu,4,TRUE))),"",IF($V32="","",VLOOKUP(Z32,NewTransmu,4,TRUE))) -> 93 | AB32: =IF(ISERROR(IF(AA32="","",VLOOKUP(AA32,DESCRIPTORS,4,TRUE))),"",IF(AA32="","",VLOOKUP(AA32,DESCRIPTORS,4,TRUE))) -> Advancing | AD32: Total Score | AE32: =IF(COUNTA(T12:T112)=0,"",SUM(T12:T112)) -> 3158 | AF32: =IF(COUNTA(U12:U112)=0,"",SUM(U12:U112)) -> 3179 | AG32: =IF(COUNTA(V12:V112)=0,"",SUM(V12:V112)) -> 3173 | AV32: =(T32/$T$10)*100 -> 82.5 | AW32: =(U32/$U$10)*100 -> 87.5 | AX32: =(V32/$V$10)*100 -> 82.5
A33: 22 | B33: =INPUT!B33 -> Ocampo, Luis | F33: 15 | G33: 15 | H33: 16 | I33: 16 | J33: 15 | K33: =IF(COUNT($F33:$J33)=0,"",SUM($F33:$J33)) -> 77 | L33: =IF(ISERROR(IF($K33="","",ROUND(($K33/$K$10)*$L$10,2))),"",IF($K33="","",ROUND(($K33/$K$10)*$L$10,2))) -> 77 | M33: =IF($L33="","",ROUND($L33*$M$10,2)) -> 15.4 | N33: 42 | O33: 37 | P33: 40 | Q33: =IF(COUNT($N33:$P33)=0,"",SUM($N33:$P33)) -> 119 | R33: =IF(ISERROR(IF($Q33="","",ROUND(($Q33/$Q$10)*$R$10,2))),"",IF($Q33="","",ROUND(($Q33/$Q$10)*$R$10,2))) -> 79.33 | S33: =IF($R33="","",ROUND($R33*$S$10,2)) -> 39.67 | T33: 28 | U33: 31 | V33: 29 | W33: =IF(COUNT($T33:$V33)=0,"",SUM($T33:$V33)) -> 88 | X33: =IF(ISERROR(IF($W33="","",ROUND(($W33/$W$10)*$X$10,2))),"",IF($W33="","",ROUND(($W33/$W$10)*$X$10,2))) -> 73.33 | Y33: =IF($X33="","",ROUND($X33*$Y$10,2)) -> 22 | Z33: =IF(ISERROR(IF($V33="","",ROUND(SUM($M33,$S33,$Y33),2))),"",IF($V33="","",ROUND(SUM($M33,$S33,$Y33),2))) -> 77.07 | AA33: =IF(ISERROR(IF($V33="","",VLOOKUP(Z33,NewTransmu,4,TRUE))),"",IF($V33="","",VLOOKUP(Z33,NewTransmu,4,TRUE))) -> 79 | AB33: =IF(ISERROR(IF(AA33="","",VLOOKUP(AA33,DESCRIPTORS,4,TRUE))),"",IF(AA33="","",VLOOKUP(AA33,DESCRIPTORS,4,TRUE))) -> Connecting | AV33: =(T33/$T$10)*100 -> 70 | AW33: =(U33/$U$10)*100 -> 77.5 | AX33: =(V33/$V$10)*100 -> 72.5
A34: 23 | B34: =INPUT!B34 -> Ortega, Marco | F34: 18 | G34: 20 | H34: 18 | I34: 19 | J34: 19 | K34: =IF(COUNT($F34:$J34)=0,"",SUM($F34:$J34)) -> 94 | L34: =IF(ISERROR(IF($K34="","",ROUND(($K34/$K$10)*$L$10,2))),"",IF($K34="","",ROUND(($K34/$K$10)*$L$10,2))) -> 94 | M34: =IF($L34="","",ROUND($L34*$M$10,2)) -> 18.8 | N34: 49 | O34: 49 | P34: 50 | Q34: =IF(COUNT($N34:$P34)=0,"",SUM($N34:$P34)) -> 148 | R34: =IF(ISERROR(IF($Q34="","",ROUND(($Q34/$Q$10)*$R$10,2))),"",IF($Q34="","",ROUND(($Q34/$Q$10)*$R$10,2))) -> 98.67 | S34: =IF($R34="","",ROUND($R34*$S$10,2)) -> 49.34 | T34: 34 | U34: 37 | V34: 34 | W34: =IF(COUNT($T34:$V34)=0,"",SUM($T34:$V34)) -> 105 | X34: =IF(ISERROR(IF($W34="","",ROUND(($W34/$W$10)*$X$10,2))),"",IF($W34="","",ROUND(($W34/$W$10)*$X$10,2))) -> 87.5 | Y34: =IF($X34="","",ROUND($X34*$Y$10,2)) -> 26.25 | Z34: =IF(ISERROR(IF($V34="","",ROUND(SUM($M34,$S34,$Y34),2))),"",IF($V34="","",ROUND(SUM($M34,$S34,$Y34),2))) -> 94.39 | AA34: =IF(ISERROR(IF($V34="","",VLOOKUP(Z34,NewTransmu,4,TRUE))),"",IF($V34="","",VLOOKUP(Z34,NewTransmu,4,TRUE))) -> 96 | AB34: =IF(ISERROR(IF(AA34="","",VLOOKUP(AA34,DESCRIPTORS,4,TRUE))),"",IF(AA34="","",VLOOKUP(AA34,DESCRIPTORS,4,TRUE))) -> Advancing | AV34: =(T34/$T$10)*100 -> 85 | AW34: =(U34/$U$10)*100 -> 92.5 | AX34: =(V34/$V$10)*100 -> 85
A35: 24 | B35: =INPUT!B35 -> Pascual, Martin | F35: 17 | G35: 16 | H35: 16 | I35: 17 | J35: 16 | K35: =IF(COUNT($F35:$J35)=0,"",SUM($F35:$J35)) -> 82 | L35: =IF(ISERROR(IF($K35="","",ROUND(($K35/$K$10)*$L$10,2))),"",IF($K35="","",ROUND(($K35/$K$10)*$L$10,2))) -> 82 | M35: =IF($L35="","",ROUND($L35*$M$10,2)) -> 16.4 | N35: 43 | O35: 44 | P35: 46 | Q35: =IF(COUNT($N35:$P35)=0,"",SUM($N35:$P35)) -> 133 | R35: =IF(ISERROR(IF($Q35="","",ROUND(($Q35/$Q$10)*$R$10,2))),"",IF($Q35="","",ROUND(($Q35/$Q$10)*$R$10,2))) -> 88.67 | S35: =IF($R35="","",ROUND($R35*$S$10,2)) -> 44.34 | T35: 31 | U35: 32 | V35: 34 | W35: =IF(COUNT($T35:$V35)=0,"",SUM($T35:$V35)) -> 97 | X35: =IF(ISERROR(IF($W35="","",ROUND(($W35/$W$10)*$X$10,2))),"",IF($W35="","",ROUND(($W35/$W$10)*$X$10,2))) -> 80.83 | Y35: =IF($X35="","",ROUND($X35*$Y$10,2)) -> 24.25 | Z35: =IF(ISERROR(IF($V35="","",ROUND(SUM($M35,$S35,$Y35),2))),"",IF($V35="","",ROUND(SUM($M35,$S35,$Y35),2))) -> 84.99 | AA35: =IF(ISERROR(IF($V35="","",VLOOKUP(Z35,NewTransmu,4,TRUE))),"",IF($V35="","",VLOOKUP(Z35,NewTransmu,4,TRUE))) -> 86 | AB35: =IF(ISERROR(IF(AA35="","",VLOOKUP(AA35,DESCRIPTORS,4,TRUE))),"",IF(AA35="","",VLOOKUP(AA35,DESCRIPTORS,4,TRUE))) -> Benchmarking | AV35: =(T35/$T$10)*100 -> 77.5 | AW35: =(U35/$U$10)*100 -> 80 | AX35: =(V35/$V$10)*100 -> 85
A36: 25 | B36: =INPUT!B36 -> Quizon, Matthew | F36: 14 | G36: 15 | H36: 15 | I36: 15 | J36: 13 | K36: =IF(COUNT($F36:$J36)=0,"",SUM($F36:$J36)) -> 72 | L36: =IF(ISERROR(IF($K36="","",ROUND(($K36/$K$10)*$L$10,2))),"",IF($K36="","",ROUND(($K36/$K$10)*$L$10,2))) -> 72 | M36: =IF($L36="","",ROUND($L36*$M$10,2)) -> 14.4 | N36: 37 | O36: 36 | P36: 35 | Q36: =IF(COUNT($N36:$P36)=0,"",SUM($N36:$P36)) -> 108 | R36: =IF(ISERROR(IF($Q36="","",ROUND(($Q36/$Q$10)*$R$10,2))),"",IF($Q36="","",ROUND(($Q36/$Q$10)*$R$10,2))) -> 72 | S36: =IF($R36="","",ROUND($R36*$S$10,2)) -> 36 | T36: 30 | U36: 28 | V36: 29 | W36: =IF(COUNT($T36:$V36)=0,"",SUM($T36:$V36)) -> 87 | X36: =IF(ISERROR(IF($W36="","",ROUND(($W36/$W$10)*$X$10,2))),"",IF($W36="","",ROUND(($W36/$W$10)*$X$10,2))) -> 72.5 | Y36: =IF($X36="","",ROUND($X36*$Y$10,2)) -> 21.75 | Z36: =IF(ISERROR(IF($V36="","",ROUND(SUM($M36,$S36,$Y36),2))),"",IF($V36="","",ROUND(SUM($M36,$S36,$Y36),2))) -> 72.15 | AA36: =IF(ISERROR(IF($V36="","",VLOOKUP(Z36,NewTransmu,4,TRUE))),"",IF($V36="","",VLOOKUP(Z36,NewTransmu,4,TRUE))) -> 75 | AB36: =IF(ISERROR(IF(AA36="","",VLOOKUP(AA36,DESCRIPTORS,4,TRUE))),"",IF(AA36="","",VLOOKUP(AA36,DESCRIPTORS,4,TRUE))) -> Connecting | AV36: =(T36/$T$10)*100 -> 75 | AW36: =(U36/$U$10)*100 -> 70 | AX36: =(V36/$V$10)*100 -> 72.5
A37: 26 | B37: =INPUT!B37 -> Ramos, Miguel | F37: 15 | G37: 14 | H37: 14 | I37: 15 | J37: 16 | K37: =IF(COUNT($F37:$J37)=0,"",SUM($F37:$J37)) -> 74 | L37: =IF(ISERROR(IF($K37="","",ROUND(($K37/$K$10)*$L$10,2))),"",IF($K37="","",ROUND(($K37/$K$10)*$L$10,2))) -> 74 | M37: =IF($L37="","",ROUND($L37*$M$10,2)) -> 14.8 | N37: 41 | O37: 41 | P37: 38 | Q37: =IF(COUNT($N37:$P37)=0,"",SUM($N37:$P37)) -> 120 | R37: =IF(ISERROR(IF($Q37="","",ROUND(($Q37/$Q$10)*$R$10,2))),"",IF($Q37="","",ROUND(($Q37/$Q$10)*$R$10,2))) -> 80 | S37: =IF($R37="","",ROUND($R37*$S$10,2)) -> 40 | T37: 31 | U37: 28 | V37: 31 | W37: =IF(COUNT($T37:$V37)=0,"",SUM($T37:$V37)) -> 90 | X37: =IF(ISERROR(IF($W37="","",ROUND(($W37/$W$10)*$X$10,2))),"",IF($W37="","",ROUND(($W37/$W$10)*$X$10,2))) -> 75 | Y37: =IF($X37="","",ROUND($X37*$Y$10,2)) -> 22.5 | Z37: =IF(ISERROR(IF($V37="","",ROUND(SUM($M37,$S37,$Y37),2))),"",IF($V37="","",ROUND(SUM($M37,$S37,$Y37),2))) -> 77.3 | AA37: =IF(ISERROR(IF($V37="","",VLOOKUP(Z37,NewTransmu,4,TRUE))),"",IF($V37="","",VLOOKUP(Z37,NewTransmu,4,TRUE))) -> 79 | AB37: =IF(ISERROR(IF(AA37="","",VLOOKUP(AA37,DESCRIPTORS,4,TRUE))),"",IF(AA37="","",VLOOKUP(AA37,DESCRIPTORS,4,TRUE))) -> Connecting | AV37: =(T37/$T$10)*100 -> 77.5 | AW37: =(U37/$U$10)*100 -> 70 | AX37: =(V37/$V$10)*100 -> 77.5
A38: 27 | B38: =INPUT!B38 -> Reyes, Nathan | F38: 17 | G38: 17 | H38: 17 | I38: 17 | J38: 19 | K38: =IF(COUNT($F38:$J38)=0,"",SUM($F38:$J38)) -> 87 | L38: =IF(ISERROR(IF($K38="","",ROUND(($K38/$K$10)*$L$10,2))),"",IF($K38="","",ROUND(($K38/$K$10)*$L$10,2))) -> 87 | M38: =IF($L38="","",ROUND($L38*$M$10,2)) -> 17.4 | N38: 46 | O38: 46 | P38: 45 | Q38: =IF(COUNT($N38:$P38)=0,"",SUM($N38:$P38)) -> 137 | R38: =IF(ISERROR(IF($Q38="","",ROUND(($Q38/$Q$10)*$R$10,2))),"",IF($Q38="","",ROUND(($Q38/$Q$10)*$R$10,2))) -> 91.33 | S38: =IF($R38="","",ROUND($R38*$S$10,2)) -> 45.67 | T38: 35 | U38: 33 | V38: 34 | W38: =IF(COUNT($T38:$V38)=0,"",SUM($T38:$V38)) -> 102 | X38: =IF(ISERROR(IF($W38="","",ROUND(($W38/$W$10)*$X$10,2))),"",IF($W38="","",ROUND(($W38/$W$10)*$X$10,2))) -> 85 | Y38: =IF($X38="","",ROUND($X38*$Y$10,2)) -> 25.5 | Z38: =IF(ISERROR(IF($V38="","",ROUND(SUM($M38,$S38,$Y38),2))),"",IF($V38="","",ROUND(SUM($M38,$S38,$Y38),2))) -> 88.57 | AA38: =IF(ISERROR(IF($V38="","",VLOOKUP(Z38,NewTransmu,4,TRUE))),"",IF($V38="","",VLOOKUP(Z38,NewTransmu,4,TRUE))) -> 90 | AB38: =IF(ISERROR(IF(AA38="","",VLOOKUP(AA38,DESCRIPTORS,4,TRUE))),"",IF(AA38="","",VLOOKUP(AA38,DESCRIPTORS,4,TRUE))) -> Advancing | AV38: =(T38/$T$10)*100 -> 87.5 | AW38: =(U38/$U$10)*100 -> 82.5 | AX38: =(V38/$V$10)*100 -> 85
A39: 28 | B39: =INPUT!B39 -> Rivera, Noah | F39: 10 | G39: 9 | H39: 10 | I39: 9 | J39: 9 | K39: =IF(COUNT($F39:$J39)=0,"",SUM($F39:$J39)) -> 47 | L39: =IF(ISERROR(IF($K39="","",ROUND(($K39/$K$10)*$L$10,2))),"",IF($K39="","",ROUND(($K39/$K$10)*$L$10,2))) -> 47 | M39: =IF($L39="","",ROUND($L39*$M$10,2)) -> 9.4 | N39: 25 | O39: 26 | P39: 27 | Q39: =IF(COUNT($N39:$P39)=0,"",SUM($N39:$P39)) -> 78 | R39: =IF(ISERROR(IF($Q39="","",ROUND(($Q39/$Q$10)*$R$10,2))),"",IF($Q39="","",ROUND(($Q39/$Q$10)*$R$10,2))) -> 52 | S39: =IF($R39="","",ROUND($R39*$S$10,2)) -> 26 | T39: 20 | U39: 17 | V39: 17 | W39: =IF(COUNT($T39:$V39)=0,"",SUM($T39:$V39)) -> 54 | X39: =IF(ISERROR(IF($W39="","",ROUND(($W39/$W$10)*$X$10,2))),"",IF($W39="","",ROUND(($W39/$W$10)*$X$10,2))) -> 45 | Y39: =IF($X39="","",ROUND($X39*$Y$10,2)) -> 13.5 | Z39: =IF(ISERROR(IF($V39="","",ROUND(SUM($M39,$S39,$Y39),2))),"",IF($V39="","",ROUND(SUM($M39,$S39,$Y39),2))) -> 48.9 | AA39: =IF(ISERROR(IF($V39="","",VLOOKUP(Z39,NewTransmu,4,TRUE))),"",IF($V39="","",VLOOKUP(Z39,NewTransmu,4,TRUE))) -> 64 | AB39: =IF(ISERROR(IF(AA39="","",VLOOKUP(AA39,DESCRIPTORS,4,TRUE))),"",IF(AA39="","",VLOOKUP(AA39,DESCRIPTORS,4,TRUE))) -> Emerging | AV39: =(T39/$T$10)*100 -> 50 | AW39: =(U39/$U$10)*100 -> 42.5 | AX39: =(V39/$V$10)*100 -> 42.5
A40: 29 | B40: =INPUT!B40 -> Rosales, Oliver | F40: 15 | G40: 15 | H40: 17 | I40: 15 | J40: 17 | K40: =IF(COUNT($F40:$J40)=0,"",SUM($F40:$J40)) -> 79 | L40: =IF(ISERROR(IF($K40="","",ROUND(($K40/$K$10)*$L$10,2))),"",IF($K40="","",ROUND(($K40/$K$10)*$L$10,2))) -> 79 | M40: =IF($L40="","",ROUND($L40*$M$10,2)) -> 15.8 | N40: 38 | O40: 39 | P40: 44 | Q40: =IF(COUNT($N40:$P40)=0,"",SUM($N40:$P40)) -> 121 | R40: =IF(ISERROR(IF($Q40="","",ROUND(($Q40/$Q$10)*$R$10,2))),"",IF($Q40="","",ROUND(($Q40/$Q$10)*$R$10,2))) -> 80.67 | S40: =IF($R40="","",ROUND($R40*$S$10,2)) -> 40.34 | T40: 31 | U40: 31 | V40: 31 | W40: =IF(COUNT($T40:$V40)=0,"",SUM($T40:$V40)) -> 93 | X40: =IF(ISERROR(IF($W40="","",ROUND(($W40/$W$10)*$X$10,2))),"",IF($W40="","",ROUND(($W40/$W$10)*$X$10,2))) -> 77.5 | Y40: =IF($X40="","",ROUND($X40*$Y$10,2)) -> 23.25 | Z40: =IF(ISERROR(IF($V40="","",ROUND(SUM($M40,$S40,$Y40),2))),"",IF($V40="","",ROUND(SUM($M40,$S40,$Y40),2))) -> 79.39 | AA40: =IF(ISERROR(IF($V40="","",VLOOKUP(Z40,NewTransmu,4,TRUE))),"",IF($V40="","",VLOOKUP(Z40,NewTransmu,4,TRUE))) -> 81 | AB40: =IF(ISERROR(IF(AA40="","",VLOOKUP(AA40,DESCRIPTORS,4,TRUE))),"",IF(AA40="","",VLOOKUP(AA40,DESCRIPTORS,4,TRUE))) -> Benchmarking | AV40: =(T40/$T$10)*100 -> 77.5 | AW40: =(U40/$U$10)*100 -> 77.5 | AX40: =(V40/$V$10)*100 -> 77.5
A41: 30 | B41: =INPUT!B41 -> Salazar, Paolo | F41: 17 | G41: 17 | H41: 18 | I41: 17 | J41: 17 | K41: =IF(COUNT($F41:$J41)=0,"",SUM($F41:$J41)) -> 86 | L41: =IF(ISERROR(IF($K41="","",ROUND(($K41/$K$10)*$L$10,2))),"",IF($K41="","",ROUND(($K41/$K$10)*$L$10,2))) -> 86 | M41: =IF($L41="","",ROUND($L41*$M$10,2)) -> 17.2 | N41: 45 | O41: 42 | P41: 41 | Q41: =IF(COUNT($N41:$P41)=0,"",SUM($N41:$P41)) -> 128 | R41: =IF(ISERROR(IF($Q41="","",ROUND(($Q41/$Q$10)*$R$10,2))),"",IF($Q41="","",ROUND(($Q41/$Q$10)*$R$10,2))) -> 85.33 | S41: =IF($R41="","",ROUND($R41*$S$10,2)) -> 42.67 | T41: 33 | U41: 31 | V41: 32 | W41: =IF(COUNT($T41:$V41)=0,"",SUM($T41:$V41)) -> 96 | X41: =IF(ISERROR(IF($W41="","",ROUND(($W41/$W$10)*$X$10,2))),"",IF($W41="","",ROUND(($W41/$W$10)*$X$10,2))) -> 80 | Y41: =IF($X41="","",ROUND($X41*$Y$10,2)) -> 24 | Z41: =IF(ISERROR(IF($V41="","",ROUND(SUM($M41,$S41,$Y41),2))),"",IF($V41="","",ROUND(SUM($M41,$S41,$Y41),2))) -> 83.87 | AA41: =IF(ISERROR(IF($V41="","",VLOOKUP(Z41,NewTransmu,4,TRUE))),"",IF($V41="","",VLOOKUP(Z41,NewTransmu,4,TRUE))) -> 85 | AB41: =IF(ISERROR(IF(AA41="","",VLOOKUP(AA41,DESCRIPTORS,4,TRUE))),"",IF(AA41="","",VLOOKUP(AA41,DESCRIPTORS,4,TRUE))) -> Benchmarking | AV41: =(T41/$T$10)*100 -> 82.5 | AW41: =(U41/$U$10)*100 -> 77.5 | AX41: =(V41/$V$10)*100 -> 80
A42: 31 | B42: =INPUT!B42 -> Santiago, Patrick | F42: 19 | G42: 18 | H42: 18 | I42: 20 | J42: 19 | K42: =IF(COUNT($F42:$J42)=0,"",SUM($F42:$J42)) -> 94 | L42: =IF(ISERROR(IF($K42="","",ROUND(($K42/$K$10)*$L$10,2))),"",IF($K42="","",ROUND(($K42/$K$10)*$L$10,2))) -> 94 | M42: =IF($L42="","",ROUND($L42*$M$10,2)) -> 18.8 | N42: 50 | O42: 50 | P42: 50 | Q42: =IF(COUNT($N42:$P42)=0,"",SUM($N42:$P42)) -> 150 | R42: =IF(ISERROR(IF($Q42="","",ROUND(($Q42/$Q$10)*$R$10,2))),"",IF($Q42="","",ROUND(($Q42/$Q$10)*$R$10,2))) -> 100 | S42: =IF($R42="","",ROUND($R42*$S$10,2)) -> 50 | T42: 39 | U42: 39 | V42: 35 | W42: =IF(COUNT($T42:$V42)=0,"",SUM($T42:$V42)) -> 113 | X42: =IF(ISERROR(IF($W42="","",ROUND(($W42/$W$10)*$X$10,2))),"",IF($W42="","",ROUND(($W42/$W$10)*$X$10,2))) -> 94.17 | Y42: =IF($X42="","",ROUND($X42*$Y$10,2)) -> 28.25 | Z42: =IF(ISERROR(IF($V42="","",ROUND(SUM($M42,$S42,$Y42),2))),"",IF($V42="","",ROUND(SUM($M42,$S42,$Y42),2))) -> 97.05 | AA42: =IF(ISERROR(IF($V42="","",VLOOKUP(Z42,NewTransmu,4,TRUE))),"",IF($V42="","",VLOOKUP(Z42,NewTransmu,4,TRUE))) -> 98 | AB42: =IF(ISERROR(IF(AA42="","",VLOOKUP(AA42,DESCRIPTORS,4,TRUE))),"",IF(AA42="","",VLOOKUP(AA42,DESCRIPTORS,4,TRUE))) -> Advancing | AV42: =(T42/$T$10)*100 -> 97.5 | AW42: =(U42/$U$10)*100 -> 97.5 | AX42: =(V42/$V$10)*100 -> 87.5
A43: 32 | B43: =INPUT!B43 -> Santos, Rafael | F43: 18 | G43: 20 | H43: 18 | I43: 19 | J43: 19 | K43: =IF(COUNT($F43:$J43)=0,"",SUM($F43:$J43)) -> 94 | L43: =IF(ISERROR(IF($K43="","",ROUND(($K43/$K$10)*$L$10,2))),"",IF($K43="","",ROUND(($K43/$K$10)*$L$10,2))) -> 94 | M43: =IF($L43="","",ROUND($L43*$M$10,2)) -> 18.8 | N43: 48 | O43: 47 | P43: 50 | Q43: =IF(COUNT($N43:$P43)=0,"",SUM($N43:$P43)) -> 145 | R43: =IF(ISERROR(IF($Q43="","",ROUND(($Q43/$Q$10)*$R$10,2))),"",IF($Q43="","",ROUND(($Q43/$Q$10)*$R$10,2))) -> 96.67 | S43: =IF($R43="","",ROUND($R43*$S$10,2)) -> 48.34 | T43: 37 | U43: 37 | V43: 39 | W43: =IF(COUNT($T43:$V43)=0,"",SUM($T43:$V43)) -> 113 | X43: =IF(ISERROR(IF($W43="","",ROUND(($W43/$W$10)*$X$10,2))),"",IF($W43="","",ROUND(($W43/$W$10)*$X$10,2))) -> 94.17 | Y43: =IF($X43="","",ROUND($X43*$Y$10,2)) -> 28.25 | Z43: =IF(ISERROR(IF($V43="","",ROUND(SUM($M43,$S43,$Y43),2))),"",IF($V43="","",ROUND(SUM($M43,$S43,$Y43),2))) -> 95.39 | AA43: =IF(ISERROR(IF($V43="","",VLOOKUP(Z43,NewTransmu,4,TRUE))),"",IF($V43="","",VLOOKUP(Z43,NewTransmu,4,TRUE))) -> 97 | AB43: =IF(ISERROR(IF(AA43="","",VLOOKUP(AA43,DESCRIPTORS,4,TRUE))),"",IF(AA43="","",VLOOKUP(AA43,DESCRIPTORS,4,TRUE))) -> Advancing | AV43: =(T43/$T$10)*100 -> 92.5 | AW43: =(U43/$U$10)*100 -> 92.5 | AX43: =(V43/$V$10)*100 -> 97.5
A44: 33 | B44: =INPUT!B44 -> Soriano, Raymond | F44: 19 | G44: 17 | H44: 17 | I44: 18 | J44: 19 | K44: =IF(COUNT($F44:$J44)=0,"",SUM($F44:$J44)) -> 90 | L44: =IF(ISERROR(IF($K44="","",ROUND(($K44/$K$10)*$L$10,2))),"",IF($K44="","",ROUND(($K44/$K$10)*$L$10,2))) -> 90 | M44: =IF($L44="","",ROUND($L44*$M$10,2)) -> 18 | N44: 44 | O44: 47 | P44: 47 | Q44: =IF(COUNT($N44:$P44)=0,"",SUM($N44:$P44)) -> 138 | R44: =IF(ISERROR(IF($Q44="","",ROUND(($Q44/$Q$10)*$R$10,2))),"",IF($Q44="","",ROUND(($Q44/$Q$10)*$R$10,2))) -> 92 | S44: =IF($R44="","",ROUND($R44*$S$10,2)) -> 46 | T44: 33 | U44: 36 | V44: 34 | W44: =IF(COUNT($T44:$V44)=0,"",SUM($T44:$V44)) -> 103 | X44: =IF(ISERROR(IF($W44="","",ROUND(($W44/$W$10)*$X$10,2))),"",IF($W44="","",ROUND(($W44/$W$10)*$X$10,2))) -> 85.83 | Y44: =IF($X44="","",ROUND($X44*$Y$10,2)) -> 25.75 | Z44: =IF(ISERROR(IF($V44="","",ROUND(SUM($M44,$S44,$Y44),2))),"",IF($V44="","",ROUND(SUM($M44,$S44,$Y44),2))) -> 89.75 | AA44: =IF(ISERROR(IF($V44="","",VLOOKUP(Z44,NewTransmu,4,TRUE))),"",IF($V44="","",VLOOKUP(Z44,NewTransmu,4,TRUE))) -> 91 | AB44: =IF(ISERROR(IF(AA44="","",VLOOKUP(AA44,DESCRIPTORS,4,TRUE))),"",IF(AA44="","",VLOOKUP(AA44,DESCRIPTORS,4,TRUE))) -> Advancing | AV44: =(T44/$T$10)*100 -> 82.5 | AW44: =(U44/$U$10)*100 -> 90 | AX44: =(V44/$V$10)*100 -> 85
... A61: 50 | B61: =INPUT!B61 -> Escobar, Gian | F61: 19 | G61: 18 | H61: 19 | I61: 18 | J61: 17 | K61: =IF(COUNT($F61:$J61)=0,"",SUM($F61:$J61)) -> 91 | L61: =IF(ISERROR(IF($K61="","",ROUND(($K61/$K$10)*$L$10,2))),"",IF($K61="","",ROUND(($K61/$K$10)*$L$10,2))) -> 91 | M61: =IF($L61="","",ROUND($L61*$M$10,2)) -> 18.2 | N61: 45 | O61: 47 | P61: 46 | Q61: =IF(COUNT($N61:$P61)=0,"",SUM($N61:$P61)) -> 138 | R61: =IF(ISERROR(IF($Q61="","",ROUND(($Q61/$Q$10)*$R$10,2))),"",IF($Q61="","",ROUND(($Q61/$Q$10)*$R$10,2))) -> 92 | S61: =IF($R61="","",ROUND($R61*$S$10,2)) -> 46 | T61: 33 | U61: 35 | V61: 35 | W61: =IF(COUNT($T61:$V61)=0,"",SUM($T61:$V61)) -> 103 | X61: =IF(ISERROR(IF($W61="","",ROUND(($W61/$W$10)*$X$10,2))),"",IF($W61="","",ROUND(($W61/$W$10)*$X$10,2))) -> 85.83 | Y61: =IF($X61="","",ROUND($X61*$Y$10,2)) -> 25.75 | Z61: =IF(ISERROR(IF($V61="","",ROUND(SUM($M61,$S61,$Y61),2))),"",IF($V61="","",ROUND(SUM($M61,$S61,$Y61),2))) -> 89.95 | AA61: =IF(ISERROR(IF($V61="","",VLOOKUP(Z61,NewTransmu,4,TRUE))),"",IF($V61="","",VLOOKUP(Z61,NewTransmu,4,TRUE))) -> 91 | AB61: =IF(ISERROR(IF(AA61="","",VLOOKUP(AA61,DESCRIPTORS,4,TRUE))),"",IF(AA61="","",VLOOKUP(AA61,DESCRIPTORS,4,TRUE))) -> Advancing | AV61: =(T61/$T$10)*100 -> 82.5 | AW61: =(U61/$U$10)*100 -> 87.5 | AX61: =(V61/$V$10)*100 -> 87.5
B62: FEMALE | AV62: =(T62/$T$10)*100 -> 0 | AW62: =(U62/$U$10)*100 -> 0 | AX62: =(V62/$V$10)*100 -> 0
A63: 1 | B63: =INPUT!B63 -> Fernandez, Alyssa | F63: 20 | G63: 20 | H63: 18 | I63: 20 | J63: 18 | K63: =IF(COUNT($F63:$J63)=0,"",SUM($F63:$J63)) -> 96 | L63: =IF(ISERROR(IF($K63="","",ROUND(($K63/$K$10)*$L$10,2))),"",IF($K63="","",ROUND(($K63/$K$10)*$L$10,2))) -> 96 | M63: =IF($L63="","",ROUND($L63*$M$10,2)) -> 19.2 | N63: 47 | O63: 50 | P63: 50 | Q63: =IF(COUNT($N63:$P63)=0,"",SUM($N63:$P63)) -> 147 | R63: =IF(ISERROR(IF($Q63="","",ROUND(($Q63/$Q$10)*$R$10,2))),"",IF($Q63="","",ROUND(($Q63/$Q$10)*$R$10,2))) -> 98 | S63: =IF($R63="","",ROUND($R63*$S$10,2)) -> 49 | T63: 35 | U63: 38 | V63: 38 | W63: =IF(COUNT($T63:$V63)=0,"",SUM($T63:$V63)) -> 111 | X63: =IF(ISERROR(IF($W63="","",ROUND(($W63/$W$10)*$X$10,2))),"",IF($W63="","",ROUND(($W63/$W$10)*$X$10,2))) -> 92.5 | Y63: =IF($X63="","",ROUND($X63*$Y$10,2)) -> 27.75 | Z63: =IF(ISERROR(IF($V63="","",ROUND(SUM($M63,$S63,$Y63),2))),"",IF($V63="","",ROUND(SUM($M63,$S63,$Y63),2))) -> 95.95 | AA63: =IF(ISERROR(IF($V63="","",VLOOKUP(Z63,NewTransmu,4,TRUE))),"",IF($V63="","",VLOOKUP(Z63,NewTransmu,4,TRUE))) -> 97 | AB63: =IF(ISERROR(IF(AA63="","",VLOOKUP(AA63,DESCRIPTORS,4,TRUE))),"",IF(AA63="","",VLOOKUP(AA63,DESCRIPTORS,4,TRUE))) -> Advancing | AV63: =(T63/$T$10)*100 -> 87.5 | AW63: =(U63/$U$10)*100 -> 95 | AX63: =(V63/$V$10)*100 -> 95
A64: 2 | B64: =INPUT!B64 -> Garcia, Angela | F64: 16 | G64: 18 | H64: 18 | I64: 17 | J64: 16 | K64: =IF(COUNT($F64:$J64)=0,"",SUM($F64:$J64)) -> 85 | L64: =IF(ISERROR(IF($K64="","",ROUND(($K64/$K$10)*$L$10,2))),"",IF($K64="","",ROUND(($K64/$K$10)*$L$10,2))) -> 85 | M64: =IF($L64="","",ROUND($L64*$M$10,2)) -> 17 | N64: 42 | O64: 42 | P64: 43 | Q64: =IF(COUNT($N64:$P64)=0,"",SUM($N64:$P64)) -> 127 | R64: =IF(ISERROR(IF($Q64="","",ROUND(($Q64/$Q$10)*$R$10,2))),"",IF($Q64="","",ROUND(($Q64/$Q$10)*$R$10,2))) -> 84.67 | S64: =IF($R64="","",ROUND($R64*$S$10,2)) -> 42.34 | T64: 34 | U64: 30 | V64: 31 | W64: =IF(COUNT($T64:$V64)=0,"",SUM($T64:$V64)) -> 95 | X64: =IF(ISERROR(IF($W64="","",ROUND(($W64/$W$10)*$X$10,2))),"",IF($W64="","",ROUND(($W64/$W$10)*$X$10,2))) -> 79.17 | Y64: =IF($X64="","",ROUND($X64*$Y$10,2)) -> 23.75 | Z64: =IF(ISERROR(IF($V64="","",ROUND(SUM($M64,$S64,$Y64),2))),"",IF($V64="","",ROUND(SUM($M64,$S64,$Y64),2))) -> 83.09 | AA64: =IF(ISERROR(IF($V64="","",VLOOKUP(Z64,NewTransmu,4,TRUE))),"",IF($V64="","",VLOOKUP(Z64,NewTransmu,4,TRUE))) -> 85 | AB64: =IF(ISERROR(IF(AA64="","",VLOOKUP(AA64,DESCRIPTORS,4,TRUE))),"",IF(AA64="","",VLOOKUP(AA64,DESCRIPTORS,4,TRUE))) -> Benchmarking | AV64: =(T64/$T$10)*100 -> 85 | AW64: =(U64/$U$10)*100 -> 75 | AX64: =(V64/$V$10)*100 -> 77.5
A65: 3 | B65: =INPUT!B65 -> Gonzales, Bea | F65: 17 | G65: 16 | H65: 15 | I65: 15 | J65: 16 | K65: =IF(COUNT($F65:$J65)=0,"",SUM($F65:$J65)) -> 79 | L65: =IF(ISERROR(IF($K65="","",ROUND(($K65/$K$10)*$L$10,2))),"",IF($K65="","",ROUND(($K65/$K$10)*$L$10,2))) -> 79 | M65: =IF($L65="","",ROUND($L65*$M$10,2)) -> 15.8 | N65: 42 | O65: 45 | P65: 43 | Q65: =IF(COUNT($N65:$P65)=0,"",SUM($N65:$P65)) -> 130 | R65: =IF(ISERROR(IF($Q65="","",ROUND(($Q65/$Q$10)*$R$10,2))),"",IF($Q65="","",ROUND(($Q65/$Q$10)*$R$10,2))) -> 86.67 | S65: =IF($R65="","",ROUND($R65*$S$10,2)) -> 43.34 | T65: 29 | U65: 33 | V65: 33 | W65: =IF(COUNT($T65:$V65)=0,"",SUM($T65:$V65)) -> 95 | X65: =IF(ISERROR(IF($W65="","",ROUND(($W65/$W$10)*$X$10,2))),"",IF($W65="","",ROUND(($W65/$W$10)*$X$10,2))) -> 79.17 | Y65: =IF($X65="","",ROUND($X65*$Y$10,2)) -> 23.75 | Z65: =IF(ISERROR(IF($V65="","",ROUND(SUM($M65,$S65,$Y65),2))),"",IF($V65="","",ROUND(SUM($M65,$S65,$Y65),2))) -> 82.89 | AA65: =IF(ISERROR(IF($V65="","",VLOOKUP(Z65,NewTransmu,4,TRUE))),"",IF($V65="","",VLOOKUP(Z65,NewTransmu,4,TRUE))) -> 84 | AB65: =IF(ISERROR(IF(AA65="","",VLOOKUP(AA65,DESCRIPTORS,4,TRUE))),"",IF(AA65="","",VLOOKUP(AA65,DESCRIPTORS,4,TRUE))) -> Benchmarking | AV65: =(T65/$T$10)*100 -> 72.5 | AW65: =(U65/$U$10)*100 -> 82.5 | AX65: =(V65/$V$10)*100 -> 82.5
A66: 4 | B66: =INPUT!B66 -> Hernandez, Bianca | F66: 18 | G66: 18 | H66: 17 | I66: 19 | J66: 16 | K66: =IF(COUNT($F66:$J66)=0,"",SUM($F66:$J66)) -> 88 | L66: =IF(ISERROR(IF($K66="","",ROUND(($K66/$K$10)*$L$10,2))),"",IF($K66="","",ROUND(($K66/$K$10)*$L$10,2))) -> 88 | M66: =IF($L66="","",ROUND($L66*$M$10,2)) -> 17.6 | N66: 44 | O66: 42 | P66: 46 | Q66: =IF(COUNT($N66:$P66)=0,"",SUM($N66:$P66)) -> 132 | R66: =IF(ISERROR(IF($Q66="","",ROUND(($Q66/$Q$10)*$R$10,2))),"",IF($Q66="","",ROUND(($Q66/$Q$10)*$R$10,2))) -> 88 | S66: =IF($R66="","",ROUND($R66*$S$10,2)) -> 44 | T66: 35 | U66: 34 | V66: 34 | W66: =IF(COUNT($T66:$V66)=0,"",SUM($T66:$V66)) -> 103 | X66: =IF(ISERROR(IF($W66="","",ROUND(($W66/$W$10)*$X$10,2))),"",IF($W66="","",ROUND(($W66/$W$10)*$X$10,2))) -> 85.83 | Y66: =IF($X66="","",ROUND($X66*$Y$10,2)) -> 25.75 | Z66: =IF(ISERROR(IF($V66="","",ROUND(SUM($M66,$S66,$Y66),2))),"",IF($V66="","",ROUND(SUM($M66,$S66,$Y66),2))) -> 87.35 | AA66: =IF(ISERROR(IF($V66="","",VLOOKUP(Z66,NewTransmu,4,TRUE))),"",IF($V66="","",VLOOKUP(Z66,NewTransmu,4,TRUE))) -> 89 | AB66: =IF(ISERROR(IF(AA66="","",VLOOKUP(AA66,DESCRIPTORS,4,TRUE))),"",IF(AA66="","",VLOOKUP(AA66,DESCRIPTORS,4,TRUE))) -> Benchmarking | AV66: =(T66/$T$10)*100 -> 87.5 | AW66: =(U66/$U$10)*100 -> 85 | AX66: =(V66/$V$10)*100 -> 85
A67: 5 | B67: =INPUT!B67 -> Ilagan, Camille | F67: 19 | G67: 20 | H67: 19 | I67: 18 | J67: 20 | K67: =IF(COUNT($F67:$J67)=0,"",SUM($F67:$J67)) -> 96 | L67: =IF(ISERROR(IF($K67="","",ROUND(($K67/$K$10)*$L$10,2))),"",IF($K67="","",ROUND(($K67/$K$10)*$L$10,2))) -> 96 | M67: =IF($L67="","",ROUND($L67*$M$10,2)) -> 19.2 | N67: 49 | O67: 45 | P67: 47 | Q67: =IF(COUNT($N67:$P67)=0,"",SUM($N67:$P67)) -> 141 | R67: =IF(ISERROR(IF($Q67="","",ROUND(($Q67/$Q$10)*$R$10,2))),"",IF($Q67="","",ROUND(($Q67/$Q$10)*$R$10,2))) -> 94 | S67: =IF($R67="","",ROUND($R67*$S$10,2)) -> 47 | T67: 37 | U67: 36 | V67: 34 | W67: =IF(COUNT($T67:$V67)=0,"",SUM($T67:$V67)) -> 107 | X67: =IF(ISERROR(IF($W67="","",ROUND(($W67/$W$10)*$X$10,2))),"",IF($W67="","",ROUND(($W67/$W$10)*$X$10,2))) -> 89.17 | Y67: =IF($X67="","",ROUND($X67*$Y$10,2)) -> 26.75 | Z67: =IF(ISERROR(IF($V67="","",ROUND(SUM($M67,$S67,$Y67),2))),"",IF($V67="","",ROUND(SUM($M67,$S67,$Y67),2))) -> 92.95 | AA67: =IF(ISERROR(IF($V67="","",VLOOKUP(Z67,NewTransmu,4,TRUE))),"",IF($V67="","",VLOOKUP(Z67,NewTransmu,4,TRUE))) -> 94 | AB67: =IF(ISERROR(IF(AA67="","",VLOOKUP(AA67,DESCRIPTORS,4,TRUE))),"",IF(AA67="","",VLOOKUP(AA67,DESCRIPTORS,4,TRUE))) -> Advancing | AV67: =(T67/$T$10)*100 -> 92.5 | AW67: =(U67/$U$10)*100 -> 90 | AX67: =(V67/$V$10)*100 -> 85
A68: 6 | B68: =INPUT!B68 -> Jimenez, Carla | F68: 17 | G68: 19 | H68: 18 | I68: 19 | J68: 18 | K68: =IF(COUNT($F68:$J68)=0,"",SUM($F68:$J68)) -> 91 | L68: =IF(ISERROR(IF($K68="","",ROUND(($K68/$K$10)*$L$10,2))),"",IF($K68="","",ROUND(($K68/$K$10)*$L$10,2))) -> 91 | M68: =IF($L68="","",ROUND($L68*$M$10,2)) -> 18.2 | N68: 46 | O68: 50 | P68: 49 | Q68: =IF(COUNT($N68:$P68)=0,"",SUM($N68:$P68)) -> 145 | R68: =IF(ISERROR(IF($Q68="","",ROUND(($Q68/$Q$10)*$R$10,2))),"",IF($Q68="","",ROUND(($Q68/$Q$10)*$R$10,2))) -> 96.67 | S68: =IF($R68="","",ROUND($R68*$S$10,2)) -> 48.34 | T68: 35 | U68: 35 | V68: 35 | W68: =IF(COUNT($T68:$V68)=0,"",SUM($T68:$V68)) -> 105 | X68: =IF(ISERROR(IF($W68="","",ROUND(($W68/$W$10)*$X$10,2))),"",IF($W68="","",ROUND(($W68/$W$10)*$X$10,2))) -> 87.5 | Y68: =IF($X68="","",ROUND($X68*$Y$10,2)) -> 26.25 | Z68: =IF(ISERROR(IF($V68="","",ROUND(SUM($M68,$S68,$Y68),2))),"",IF($V68="","",ROUND(SUM($M68,$S68,$Y68),2))) -> 92.79 | AA68: =IF(ISERROR(IF($V68="","",VLOOKUP(Z68,NewTransmu,4,TRUE))),"",IF($V68="","",VLOOKUP(Z68,NewTransmu,4,TRUE))) -> 94 | AB68: =IF(ISERROR(IF(AA68="","",VLOOKUP(AA68,DESCRIPTORS,4,TRUE))),"",IF(AA68="","",VLOOKUP(AA68,DESCRIPTORS,4,TRUE))) -> Advancing | AV68: =(T68/$T$10)*100 -> 87.5 | AW68: =(U68/$U$10)*100 -> 87.5 | AX68: =(V68/$V$10)*100 -> 87.5
A69: 7 | B69: =INPUT!B69 -> Lacson, Chloe | F69: 17 | G69: 15 | H69: 15 | I69: 17 | J69: 15 | K69: =IF(COUNT($F69:$J69)=0,"",SUM($F69:$J69)) -> 79 | L69: =IF(ISERROR(IF($K69="","",ROUND(($K69/$K$10)*$L$10,2))),"",IF($K69="","",ROUND(($K69/$K$10)*$L$10,2))) -> 79 | M69: =IF($L69="","",ROUND($L69*$M$10,2)) -> 15.8 | N69: 43 | O69: 42 | P69: 43 | Q69: =IF(COUNT($N69:$P69)=0,"",SUM($N69:$P69)) -> 128 | R69: =IF(ISERROR(IF($Q69="","",ROUND(($Q69/$Q$10)*$R$10,2))),"",IF($Q69="","",ROUND(($Q69/$Q$10)*$R$10,2))) -> 85.33 | S69: =IF($R69="","",ROUND($R69*$S$10,2)) -> 42.67 | T69: 28 | U69: 28 | V69: 29 | W69: =IF(COUNT($T69:$V69)=0,"",SUM($T69:$V69)) -> 85 | X69: =IF(ISERROR(IF($W69="","",ROUND(($W69/$W$10)*$X$10,2))),"",IF($W69="","",ROUND(($W69/$W$10)*$X$10,2))) -> 70.83 | Y69: =IF($X69="","",ROUND($X69*$Y$10,2)) -> 21.25 | Z69: =IF(ISERROR(IF($V69="","",ROUND(SUM($M69,$S69,$Y69),2))),"",IF($V69="","",ROUND(SUM($M69,$S69,$Y69),2))) -> 79.72 | AA69: =IF(ISERROR(IF($V69="","",VLOOKUP(Z69,NewTransmu,4,TRUE))),"",IF($V69="","",VLOOKUP(Z69,NewTransmu,4,TRUE))) -> 81 | AB69: =IF(ISERROR(IF(AA69="","",VLOOKUP(AA69,DESCRIPTORS,4,TRUE))),"",IF(AA69="","",VLOOKUP(AA69,DESCRIPTORS,4,TRUE))) -> Benchmarking | AV69: =(T69/$T$10)*100 -> 70 | AW69: =(U69/$U$10)*100 -> 70 | AX69: =(V69/$V$10)*100 -> 72.5
A70: 8 | B70: =INPUT!B70 -> Lim, Clarisse | F70: 18 | G70: 18 | H70: 18 | I70: 19 | J70: 19 | K70: =IF(COUNT($F70:$J70)=0,"",SUM($F70:$J70)) -> 92 | L70: =IF(ISERROR(IF($K70="","",ROUND(($K70/$K$10)*$L$10,2))),"",IF($K70="","",ROUND(($K70/$K$10)*$L$10,2))) -> 92 | M70: =IF($L70="","",ROUND($L70*$M$10,2)) -> 18.4 | N70: 50 | O70: 49 | P70: 50 | Q70: =IF(COUNT($N70:$P70)=0,"",SUM($N70:$P70)) -> 149 | R70: =IF(ISERROR(IF($Q70="","",ROUND(($Q70/$Q$10)*$R$10,2))),"",IF($Q70="","",ROUND(($Q70/$Q$10)*$R$10,2))) -> 99.33 | S70: =IF($R70="","",ROUND($R70*$S$10,2)) -> 49.67 | T70: 38 | U70: 37 | V70: 38 | W70: =IF(COUNT($T70:$V70)=0,"",SUM($T70:$V70)) -> 113 | X70: =IF(ISERROR(IF($W70="","",ROUND(($W70/$W$10)*$X$10,2))),"",IF($W70="","",ROUND(($W70/$W$10)*$X$10,2))) -> 94.17 | Y70: =IF($X70="","",ROUND($X70*$Y$10,2)) -> 28.25 | Z70: =IF(ISERROR(IF($V70="","",ROUND(SUM($M70,$S70,$Y70),2))),"",IF($V70="","",ROUND(SUM($M70,$S70,$Y70),2))) -> 96.32 | AA70: =IF(ISERROR(IF($V70="","",VLOOKUP(Z70,NewTransmu,4,TRUE))),"",IF($V70="","",VLOOKUP(Z70,NewTransmu,4,TRUE))) -> 98 | AB70: =IF(ISERROR(IF(AA70="","",VLOOKUP(AA70,DESCRIPTORS,4,TRUE))),"",IF(AA70="","",VLOOKUP(AA70,DESCRIPTORS,4,TRUE))) -> Advancing | AV70: =(T70/$T$10)*100 -> 95 | AW70: =(U70/$U$10)*100 -> 92.5 | AX70: =(V70/$V$10)*100 -> 95
A71: 9 | B71: =INPUT!B71 -> Manalo, Danica | F71: 14 | G71: 14 | H71: 13 | I71: 13 | J71: 14 | K71: =IF(COUNT($F71:$J71)=0,"",SUM($F71:$J71)) -> 68 | L71: =IF(ISERROR(IF($K71="","",ROUND(($K71/$K$10)*$L$10,2))),"",IF($K71="","",ROUND(($K71/$K$10)*$L$10,2))) -> 68 | M71: =IF($L71="","",ROUND($L71*$M$10,2)) -> 13.6 | N71: 33 | O71: 36 | P71: 35 | Q71: =IF(COUNT($N71:$P71)=0,"",SUM($N71:$P71)) -> 104 | R71: =IF(ISERROR(IF($Q71="","",ROUND(($Q71/$Q$10)*$R$10,2))),"",IF($Q71="","",ROUND(($Q71/$Q$10)*$R$10,2))) -> 69.33 | S71: =IF($R71="","",ROUND($R71*$S$10,2)) -> 34.67 | T71: 28 | U71: 26 | V71: 26 | W71: =IF(COUNT($T71:$V71)=0,"",SUM($T71:$V71)) -> 80 | X71: =IF(ISERROR(IF($W71="","",ROUND(($W71/$W$10)*$X$10,2))),"",IF($W71="","",ROUND(($W71/$W$10)*$X$10,2))) -> 66.67 | Y71: =IF($X71="","",ROUND($X71*$Y$10,2)) -> 20 | Z71: =IF(ISERROR(IF($V71="","",ROUND(SUM($M71,$S71,$Y71),2))),"",IF($V71="","",ROUND(SUM($M71,$S71,$Y71),2))) -> 68.27 | AA71: =IF(ISERROR(IF($V71="","",VLOOKUP(Z71,NewTransmu,4,TRUE))),"",IF($V71="","",VLOOKUP(Z71,NewTransmu,4,TRUE))) -> 74 | AB71: =IF(ISERROR(IF(AA71="","",VLOOKUP(AA71,DESCRIPTORS,4,TRUE))),"",IF(AA71="","",VLOOKUP(AA71,DESCRIPTORS,4,TRUE))) -> Developing | AV71: =(T71/$T$10)*100 -> 70 | AW71: =(U71/$U$10)*100 -> 65 | AX71: =(V71/$V$10)*100 -> 65
A72: 10 | B72: =INPUT!B72 -> Mendoza, Diana | F72: 17 | G72: 18 | H72: 17 | I72: 18 | J72: 17 | K72: =IF(COUNT($F72:$J72)=0,"",SUM($F72:$J72)) -> 87 | L72: =IF(ISERROR(IF($K72="","",ROUND(($K72/$K$10)*$L$10,2))),"",IF($K72="","",ROUND(($K72/$K$10)*$L$10,2))) -> 87 | M72: =IF($L72="","",ROUND($L72*$M$10,2)) -> 17.4 | N72: 46 | O72: 49 | P72: 48 | Q72: =IF(COUNT($N72:$P72)=0,"",SUM($N72:$P72)) -> 143 | R72: =IF(ISERROR(IF($Q72="","",ROUND(($Q72/$Q$10)*$R$10,2))),"",IF($Q72="","",ROUND(($Q72/$Q$10)*$R$10,2))) -> 95.33 | S72: =IF($R72="","",ROUND($R72*$S$10,2)) -> 47.67 | T72: 33 | U72: 36 | V72: 36 | W72: =IF(COUNT($T72:$V72)=0,"",SUM($T72:$V72)) -> 105 | X72: =IF(ISERROR(IF($W72="","",ROUND(($W72/$W$10)*$X$10,2))),"",IF($W72="","",ROUND(($W72/$W$10)*$X$10,2))) -> 87.5 | Y72: =IF($X72="","",ROUND($X72*$Y$10,2)) -> 26.25 | Z72: =IF(ISERROR(IF($V72="","",ROUND(SUM($M72,$S72,$Y72),2))),"",IF($V72="","",ROUND(SUM($M72,$S72,$Y72),2))) -> 91.32 | AA72: =IF(ISERROR(IF($V72="","",VLOOKUP(Z72,NewTransmu,4,TRUE))),"",IF($V72="","",VLOOKUP(Z72,NewTransmu,4,TRUE))) -> 93 | AB72: =IF(ISERROR(IF(AA72="","",VLOOKUP(AA72,DESCRIPTORS,4,TRUE))),"",IF(AA72="","",VLOOKUP(AA72,DESCRIPTORS,4,TRUE))) -> Advancing | AV72: =(T72/$T$10)*100 -> 82.5 | AW72: =(U72/$U$10)*100 -> 90 | AX72: =(V72/$V$10)*100 -> 90
A73: 11 | B73: =INPUT!B73 -> Navarro, Elena | F73: 18 | G73: 17 | H73: 16 | I73: 17 | J73: 18 | K73: =IF(COUNT($F73:$J73)=0,"",SUM($F73:$J73)) -> 86 | L73: =IF(ISERROR(IF($K73="","",ROUND(($K73/$K$10)*$L$10,2))),"",IF($K73="","",ROUND(($K73/$K$10)*$L$10,2))) -> 86 | M73: =IF($L73="","",ROUND($L73*$M$10,2)) -> 17.2 | N73: 45 | O73: 46 | P73: 45 | Q73: =IF(COUNT($N73:$P73)=0,"",SUM($N73:$P73)) -> 136 | R73: =IF(ISERROR(IF($Q73="","",ROUND(($Q73/$Q$10)*$R$10,2))),"",IF($Q73="","",ROUND(($Q73/$Q$10)*$R$10,2))) -> 90.67 | S73: =IF($R73="","",ROUND($R73*$S$10,2)) -> 45.34 | T73: 30 | U73: 33 | V73: 32 | W73: =IF(COUNT($T73:$V73)=0,"",SUM($T73:$V73)) -> 95 | X73: =IF(ISERROR(IF($W73="","",ROUND(($W73/$W$10)*$X$10,2))),"",IF($W73="","",ROUND(($W73/$W$10)*$X$10,2))) -> 79.17 | Y73: =IF($X73="","",ROUND($X73*$Y$10,2)) -> 23.75 | Z73: =IF(ISERROR(IF($V73="","",ROUND(SUM($M73,$S73,$Y73),2))),"",IF($V73="","",ROUND(SUM($M73,$S73,$Y73),2))) -> 86.29 | AA73: =IF(ISERROR(IF($V73="","",VLOOKUP(Z73,NewTransmu,4,TRUE))),"",IF($V73="","",VLOOKUP(Z73,NewTransmu,4,TRUE))) -> 88 | AB73: =IF(ISERROR(IF(AA73="","",VLOOKUP(AA73,DESCRIPTORS,4,TRUE))),"",IF(AA73="","",VLOOKUP(AA73,DESCRIPTORS,4,TRUE))) -> Benchmarking | AV73: =(T73/$T$10)*100 -> 75 | AW73: =(U73/$U$10)*100 -> 82.5 | AX73: =(V73/$V$10)*100 -> 80
A74: 12 | B74: =INPUT!B74 -> Ocampo, Ella | F74: 18 | G74: 16 | H74: 15 | I74: 17 | J74: 16 | K74: =IF(COUNT($F74:$J74)=0,"",SUM($F74:$J74)) -> 82 | L74: =IF(ISERROR(IF($K74="","",ROUND(($K74/$K$10)*$L$10,2))),"",IF($K74="","",ROUND(($K74/$K$10)*$L$10,2))) -> 82 | M74: =IF($L74="","",ROUND($L74*$M$10,2)) -> 16.4 | N74: 42 | O74: 45 | P74: 42 | Q74: =IF(COUNT($N74:$P74)=0,"",SUM($N74:$P74)) -> 129 | R74: =IF(ISERROR(IF($Q74="","",ROUND(($Q74/$Q$10)*$R$10,2))),"",IF($Q74="","",ROUND(($Q74/$Q$10)*$R$10,2))) -> 86 | S74: =IF($R74="","",ROUND($R74*$S$10,2)) -> 43 | T74: 29 | U74: 29 | V74: 33 | W74: =IF(COUNT($T74:$V74)=0,"",SUM($T74:$V74)) -> 91 | X74: =IF(ISERROR(IF($W74="","",ROUND(($W74/$W$10)*$X$10,2))),"",IF($W74="","",ROUND(($W74/$W$10)*$X$10,2))) -> 75.83 | Y74: =IF($X74="","",ROUND($X74*$Y$10,2)) -> 22.75 | Z74: =IF(ISERROR(IF($V74="","",ROUND(SUM($M74,$S74,$Y74),2))),"",IF($V74="","",ROUND(SUM($M74,$S74,$Y74),2))) -> 82.15 | AA74: =IF(ISERROR(IF($V74="","",VLOOKUP(Z74,NewTransmu,4,TRUE))),"",IF($V74="","",VLOOKUP(Z74,NewTransmu,4,TRUE))) -> 84 | AB74: =IF(ISERROR(IF(AA74="","",VLOOKUP(AA74,DESCRIPTORS,4,TRUE))),"",IF(AA74="","",VLOOKUP(AA74,DESCRIPTORS,4,TRUE))) -> Benchmarking | AV74: =(T74/$T$10)*100 -> 72.5 | AW74: =(U74/$U$10)*100 -> 72.5 | AX74: =(V74/$V$10)*100 -> 82.5
... A112: 50 | B112: =INPUT!B112 -> Evangelista, Danielle | F112: 17 | G112: 17 | H112: 17 | I112: 18 | J112: 16 | K112: =IF(COUNT($F112:$J112)=0,"",SUM($F112:$J112)) -> 85 | L112: =IF(ISERROR(IF($K112="","",ROUND(($K112/$K$10)*$L$10,2))),"",IF($K112="","",ROUND(($K112/$K$10)*$L$10,2))) -> 85 | M112: =IF($L112="","",ROUND($L112*$M$10,2)) -> 17 | N112: 42 | O112: 43 | P112: 45 | Q112: =IF(COUNT($N112:$P112)=0,"",SUM($N112:$P112)) -> 130 | R112: =IF(ISERROR(IF($Q112="","",ROUND(($Q112/$Q$10)*$R$10,2))),"",IF($Q112="","",ROUND(($Q112/$Q$10)*$R$10,2))) -> 86.67 | S112: =IF($R112="","",ROUND($R112*$S$10,2)) -> 43.34 | T112: 31 | U112: 30 | V112: 30 | W112: =IF(COUNT($T112:$V112)=0,"",SUM($T112:$V112)) -> 91 | X112: =IF(ISERROR(IF($W112="","",ROUND(($W112/$W$10)*$X$10,2))),"",IF($W112="","",ROUND(($W112/$W$10)*$X$10,2))) -> 75.83 | Y112: =IF($X112="","",ROUND($X112*$Y$10,2)) -> 22.75 | Z112: =IF(ISERROR(IF($V112="","",ROUND(SUM($M112,$S112,$Y112),2))),"",IF($V112="","",ROUND(SUM($M112,$S112,$Y112),2))) -> 83.09 | AA112: =IF(ISERROR(IF($V112="","",VLOOKUP(Z112,NewTransmu,4,TRUE))),"",IF($V112="","",VLOOKUP(Z112,NewTransmu,4,TRUE))) -> 85 | AB112: =IF(ISERROR(IF(AA112="","",VLOOKUP(AA112,DESCRIPTORS,4,TRUE))),"",IF(AA112="","",VLOOKUP(AA112,DESCRIPTORS,4,TRUE))) -> Benchmarking | AV112: =(T112/$T$10)*100 -> 77.5 | AW112: =(U112/$U$10)*100 -> 75 | AX112: =(V112/$V$10)*100 -> 75

Sheet TERM3
A1: Class Record
B4: REGION | G4: =INPUT!G4 -> Region IV-A (CALABARZON) | I4: DIVISION | L4: =INPUT!L4 -> Schools Division of Quezon
B5: SCHOOL NAME | G5: =INPUT!G5 -> Atimonan Central School Annex | Q5: SCHOOL ID | S5: =INPUT!S5 -> 108511 | V5: SCHOOL YEAR | Z5: =INPUT!Y5 -> 2025-2026
A7: TERM 3 | F7: GRADE & SECTION: | J7: =INPUT!J7 -> Grade 6 - Rizal | N7: TEACHER: | Q7: =INPUT!Q7 -> Jose Miguel Reyes | X7: SUBJECT: | Z7: =INPUT!Y7 -> Araling Panlipunan
B8: LEARNERS' NAMES | F8: WRITTEN / ORAL WORKS (20%) | N8: PRODUCT / PERFORMANCE TASKS (50%) | T8: SUMMATIVE TESTS AND TERM EXAMINATIONS (30%) | Z8: Initial Grade | AA8: Term Grade | AB8: Descriptior
F9: 1 | G9: 2 | H9: 3 | I9: 4 | J9: 5 | K9: Total | L9: PS | M9: WS | N9: 1 | O9: 2 | P9: 3 | Q9: Total | R9: PS | S9: WS | T9: ST1 | U9: ST2 | V9: TE | W9: Total | X9: PS | Y9: WS
B10: HIGHEST POSSIBLE SCORE | F10: 20 | G10: 20 | H10: 20 | I10: 20 | J10: 20 | K10: =IF(COUNT($F10:$J10)=0,"",SUM($F10:$J10)) -> 100 | L10: 100 | M10: 0.2 | N10: 50 | O10: 50 | P10: 50 | Q10: =IF(COUNT($N10:$P10)=0,"",SUM($N10:$P10)) -> 150 | R10: 100 | S10: 0.5 | T10: 40 | U10: 40 | V10: 40 | W10: {=IF(COUNT($T10:$V10=0),"",SUM($T10:$V10))} -> 120 | X10: 100 | Y10: 0.3
B11: MALE | AD11: TEST/EXAM RESULT ANALYSIS | AV11: ST1 | AW11: ST2 | AX11: TE
A12: 1 | B12: =INPUT!B12 -> Aguilar, Adrian | F12: 19 | G12: 18 | H12: 18 | I12: 17 | J12: 19 | K12: =IF(COUNT($F12:$J12)=0,"",SUM($F12:$J12)) -> 91 | L12: =IF(ISERROR(IF($K12="","",ROUND(($K12/$K$10)*$L$10,2))),"",IF($K12="","",ROUND(($K12/$K$10)*$L$10,2))) -> 91 | M12: =IF($L12="","",ROUND($L12*$M$10,2)) -> 18.2 | N12: 44 | O12: 49 | P12: 43 | Q12: =IF(COUNT($N12:$P12)=0,"",SUM($N12:$P12)) -> 136 | R12: =IF(ISERROR(IF($Q12="","",ROUND(($Q12/$Q$10)*$R$10,2))),"",IF($Q12="","",ROUND(($Q12/$Q$10)*$R$10,2))) -> 90.67 | S12: =IF($R12="","",ROUND($R12*$S$10,2)) -> 45.34 | T12: 37 | U12: 33 | V12: 36 | W12: =IF(COUNT($T12:$V12)=0,"",SUM($T12:$V12)) -> 106 | X12: =IF(ISERROR(IF($W12="","",ROUND(($W12/$W$10)*$X$10,2))),"",IF($W12="","",ROUND(($W12/$W$10)*$X$10,2))) -> 88.33 | Y12: =IF($X12="","",ROUND($X12*$Y$10,2)) -> 26.5 | Z12: =IF(ISERROR(IF($W12="","",ROUND(SUM($M12,$S12,$Y12),2))),"",IF($W12="","",ROUND(SUM($M12,$S12,$Y12),2))) -> 90.04 | AA12: =IF(ISERROR(IF($W12="","",VLOOKUP(Z12,NewTransmu,4,TRUE))),"",IF($W12="","",VLOOKUP(Z12,NewTransmu,4,TRUE))) -> 92 | AB12: =IF(ISERROR(IF(AA12="","",VLOOKUP(AA12,DESCRIPTORS,4,TRUE))),"",IF(AA12="","",VLOOKUP(AA12,DESCRIPTORS,4,TRUE))) -> Advancing | AV12: =(T12/$T$10)*100 -> 92.5 | AW12: =(U12/$U$10)*100 -> 82.5 | AX12: =(V12/$V$10)*100 -> 90
A13: 2 | B13: =INPUT!B13 -> Alcantara, Angelo | F13: 19 | G13: 19 | H13: 20 | I13: 19 | J13: 19 | K13: =IF(COUNT($F13:$J13)=0,"",SUM($F13:$J13)) -> 96 | L13: =IF(ISERROR(IF($K13="","",ROUND(($K13/$K$10)*$L$10,2))),"",IF($K13="","",ROUND(($K13/$K$10)*$L$10,2))) -> 96 | M13: =IF($L13="","",ROUND($L13*$M$10,2)) -> 19.2 | N13: 49 | O13: 50 | P13: 50 | Q13: =IF(COUNT($N13:$P13)=0,"",SUM($N13:$P13)) -> 149 | R13: =IF(ISERROR(IF($Q13="","",ROUND(($Q13/$Q$10)*$R$10,2))),"",IF($Q13="","",ROUND(($Q13/$Q$10)*$R$10,2))) -> 99.33 | S13: =IF($R13="","",ROUND($R13*$S$10,2)) -> 49.67 | T13: 38 | U13: 37 | V13: 37 | W13: =IF(COUNT($T13:$V13)=0,"",SUM($T13:$V13)) -> 112 | X13: =IF(ISERROR(IF($W13="","",ROUND(($W13/$W$10)*$X$10,2))),"",IF($W13="","",ROUND(($W13/$W$10)*$X$10,2))) -> 93.33 | Y13: =IF($X13="","",ROUND($X13*$Y$10,2)) -> 28 | Z13: =IF(ISERROR(IF($V13="","",ROUND(SUM($M13,$S13,$Y13),2))),"",IF($V13="","",ROUND(SUM($M13,$S13,$Y13),2))) -> 96.87 | AA13: =IF(ISERROR(IF($V13="","",VLOOKUP(Z13,NewTransmu,4,TRUE))),"",IF($V13="","",VLOOKUP(Z13,NewTransmu,4,TRUE))) -> 98 | AB13: =IF(ISERROR(IF(AA13="","",VLOOKUP(AA13,DESCRIPTORS,4,TRUE))),"",IF(AA13="","",VLOOKUP(AA13,DESCRIPTORS,4,TRUE))) -> Advancing | AE13: ST1 | AF13: ST2 | AG13: TE | AV13: =(T13/$T$10)*100 -> 95 | AW13: =(U13/$U$10)*100 -> 92.5 | AX13: =(V13/$V$10)*100 -> 92.5
A14: 3 | B14: =INPUT!B14 -> Andrada, Anton | F14: 16 | G14: 17 | H14: 15 | I14: 15 | J14: 18 | K14: =IF(COUNT($F14:$J14)=0,"",SUM($F14:$J14)) -> 81 | L14: =IF(ISERROR(IF($K14="","",ROUND(($K14/$K$10)*$L$10,2))),"",IF($K14="","",ROUND(($K14/$K$10)*$L$10,2))) -> 81 | M14: =IF($L14="","",ROUND($L14*$M$10,2)) -> 16.2 | N14: 44 | O14: 40 | P14: 46 | Q14: =IF(COUNT($N14:$P14)=0,"",SUM($N14:$P14)) -> 130 | R14: =IF(ISERROR(IF($Q14="","",ROUND(($Q14/$Q$10)*$R$10,2))),"",IF($Q14="","",ROUND(($Q14/$Q$10)*$R$10,2))) -> 86.67 | S14: =IF($R14="","",ROUND($R14*$S$10,2)) -> 43.34 | T14: 34 | U14: 30 | V14: 33 | W14: =IF(COUNT($T14:$V14)=0,"",SUM($T14:$V14)) -> 97 | X14: =IF(ISERROR(IF($W14="","",ROUND(($W14/$W$10)*$X$10,2))),"",IF($W14="","",ROUND(($W14/$W$10)*$X$10,2))) -> 80.83 | Y14: =IF($X14="","",ROUND($X14*$Y$10,2)) -> 24.25 | Z14: =IF(ISERROR(IF($V14="","",ROUND(SUM($M14,$S14,$Y14),2))),"",IF($V14="","",ROUND(SUM($M14,$S14,$Y14),2))) -> 83.79 | AA14: =IF(ISERROR(IF($V14="","",VLOOKUP(Z14,NewTransmu,4,TRUE))),"",IF($V14="","",VLOOKUP(Z14,NewTransmu,4,TRUE))) -> 85 | AB14: =IF(ISERROR(IF(AA14="","",VLOOKUP(AA14,DESCRIPTORS,4,TRUE))),"",IF(AA14="","",VLOOKUP(AA14,DESCRIPTORS,4,TRUE))) -> Benchmarking | AD14: Number of Examinees: | AE14: =COUNTA(T12:T112) -> 100 | AF14: =COUNTA(U12:U112) -> 100 | AG14: =COUNTA(V12:V112) -> 100 | AV14: =(T14/$T$10)*100 -> 85 | AW14: =(U14/$U$10)*100 -> 75 | AX14: =(V14/$V$10)*100 -> 82.5
A15: 4 | B15: =INPUT!B15 -> Bautista, Bryan | F15: 14 | G15: 16 | H15: 15 | I15: 14 | J15: 15 | K15: =IF(COUNT($F15:$J15)=0,"",SUM($F15:$J15)) -> 74 | L15: =IF(ISERROR(IF($K15="","",ROUND(($K15/$K$10)*$L$10,2))),"",IF($K15="","",ROUND(($K15/$K$10)*$L$10,2))) -> 74 | M15: =IF($L15="","",ROUND($L15*$M$10,2)) -> 14.8 | N15: 40 | O15: 39 | P15: 37 | Q15: =IF(COUNT($N15:$P15)=0,"",SUM($N15:$P15)) -> 116 | R15: =IF(ISERROR(IF($Q15="","",ROUND(($Q15/$Q$10)*$R$10,2))),"",IF($Q15="","",ROUND(($Q15/$Q$10)*$R$10,2))) -> 77.33 | S15: =IF($R15="","",ROUND($R15*$S$10,2)) -> 38.67 | T15: 27 | U15: 27 | V15: 28 | W15: =IF(COUNT($T15:$V15)=0,"",SUM($T15:$V15)) -> 82 | X15: =IF(ISERROR(IF($W15="","",ROUND(($W15/$W$10)*$X$10,2))),"",IF($W15="","",ROUND(($W15/$W$10)*$X$10,2))) -> 68.33 | Y15: =IF($X15="","",ROUND($X15*$Y$10,2)) -> 20.5 | Z15: =IF(ISERROR(IF($V15="","",ROUND(SUM($M15,$S15,$Y15),2))),"",IF($V15="","",ROUND(SUM($M15,$S15,$Y15),2))) -> 73.97 | AA15: =IF(ISERROR(IF($V15="","",VLOOKUP(Z15,NewTransmu,4,TRUE))),"",IF($V15="","",VLOOKUP(Z15,NewTransmu,4,TRUE))) -> 76 | AB15: =IF(ISERROR(IF(AA15="","",VLOOKUP(AA15,DESCRIPTORS,4,TRUE))),"",IF(AA15="","",VLOOKUP(AA15,DESCRIPTORS,4,TRUE))) -> Connecting | AD15: Highest Possible Score: | AE15: =T10 -> 40 | AF15: =U10 -> 40 | AG15: =V10 -> 40 | AV15: =(T15/$T$10)*100 -> 67.5 | AW15: =(U15/$U$10)*100 -> 67.5 | AX15: =(V15/$V$10)*100 -> 70
A16: 5 | B16: =INPUT!B16 -> Bernardo, Caleb | F16: 20 | G16: 19 | H16: 19 | I16: 19 | J16: 19 | K16: =IF(COUNT($F16:$J16)=0,"",SUM($F16:$J16)) -> 96 | L16: =IF(ISERROR(IF($K16="","",ROUND(($K16/$K$10)*$L$10,2))),"",IF($K16="","",ROUND(($K16/$K$10)*$L$10,2))) -> 96 | M16: =IF($L16="","",ROUND($L16*$M$10,2)) -> 19.2 | N16: 48 | O16: 50 | P16: 50 | Q16: =IF(COUNT($N16:$P16)=0,"",SUM($N16:$P16)) -> 148 | R16: =IF(ISERROR(IF($Q16="","",ROUND(($Q16/$Q$10)*$R$10,2))),"",IF($Q16="","",ROUND(($Q16/$Q$10)*$R$10,2))) -> 98.67 | S16: =IF($R16="","",ROUND($R16*$S$10,2)) -> 49.34 | T16: 39 | U16: 35 | V16: 40 | W16: =IF(COUNT($T16:$V16)=0,"",SUM($T16:$V16)) -> 114 | X16: =IF(ISERROR(IF($W16="","",ROUND(($W16/$W$10)*$X$10,2))),"",IF($W16="","",ROUND(($W16/$W$10)*$X$10,2))) -> 95 | Y16: =IF($X16="","",ROUND($X16*$Y$10,2)) -> 28.5 | Z16: =IF(ISERROR(IF($V16="","",ROUND(SUM($M16,$S16,$Y16),2))),"",IF($V16="","",ROUND(SUM($M16,$S16,$Y16),2))) -> 97.04 | AA16: =IF(ISERROR(IF($V16="","",VLOOKUP(Z16,NewTransmu,4,TRUE))),"",IF($V16="","",VLOOKUP(Z16,NewTransmu,4,TRUE))) -> 98 | AB16: =IF(ISERROR(IF(AA16="","",VLOOKUP(AA16,DESCRIPTORS,4,TRUE))),"",IF(AA16="","",VLOOKUP(AA16,DESCRIPTORS,4,TRUE))) -> Advancing | AV16: =(T16/$T$10)*100 -> 97.5 | AW16: =(U16/$U$10)*100 -> 87.5 | AX16: =(V16/$V$10)*100 -> 100
A17: 6 | B17: =INPUT!B17 -> Castillo, Carlo | F17: 19 | G17: 18 | H17: 18 | I17: 17 | J17: 18 | K17: =IF(COUNT($F17:$J17)=0,"",SUM($F17:$J17)) -> 90 | L17: =IF(ISERROR(IF($K17="","",ROUND(($K17/$K$10)*$L$10,2))),"",IF($K17="","",ROUND(($K17/$K$10)*$L$10,2))) -> 90 | M17: =IF($L17="","",ROUND($L17*$M$10,2)) -> 18 | N17: 47 | O17: 46 | P17: 45 | Q17: =IF(COUNT($N17:$P17)=0,"",SUM($N17:$P17)) -> 138 | R17: =IF(ISERROR(IF($Q17="","",ROUND(($Q17/$Q$10)*$R$10,2))),"",IF($Q17="","",ROUND(($Q17/$Q$10)*$R$10,2))) -> 92 | S17: =IF($R17="","",ROUND($R17*$S$10,2)) -> 46 | T17: 31 | U17: 34 | V17: 35 | W17: =IF(COUNT($T17:$V17)=0,"",SUM($T17:$V17)) -> 100 | X17: =IF(ISERROR(IF($W17="","",ROUND(($W17/$W$10)*$X$10,2))),"",IF($W17="","",ROUND(($W17/$W$10)*$X$10,2))) -> 83.33 | Y17: =IF($X17="","",ROUND($X17*$Y$10,2)) -> 25 | Z17: =IF(ISERROR(IF($V17="","",ROUND(SUM($M17,$S17,$Y17),2))),"",IF($V17="","",ROUND(SUM($M17,$S17,$Y17),2))) -> 89 | AA17: =IF(ISERROR(IF($V17="","",VLOOKUP(Z17,NewTransmu,4,TRUE))),"",IF($V17="","",VLOOKUP(Z17,NewTransmu,4,TRUE))) -> 91 | AB17: =IF(ISERROR(IF(AA17="","",VLOOKUP(AA17,DESCRIPTORS,4,TRUE))),"",IF(AA17="","",VLOOKUP(AA17,DESCRIPTORS,4,TRUE))) -> Advancing | AD17: CRITERION-REFERENCED | AE17: ST1 | AF17: ST2 | AG17: TE | AV17: =(T17/$T$10)*100 -> 77.5 | AW17: =(U17/$U$10)*100 -> 85 | AX17: =(V17/$V$10)*100 -> 87.5
A18: 7 | B18: =INPUT!B18 -> Cruz, Christian | F18: 18 | G18: 16 | H18: 18 | I18: 16 | J18: 17 | K18: =IF(COUNT($F18:$J18)=0,"",SUM($F18:$J18)) -> 85 | L18: =IF(ISERROR(IF($K18="","",ROUND(($K18/$K$10)*$L$10,2))),"",IF($K18="","",ROUND(($K18/$K$10)*$L$10,2))) -> 85 | M18: =IF($L18="","",ROUND($L18*$M$10,2)) -> 17 | N18: 43 | O18: 44 | P18: 42 | Q18: =IF(COUNT($N18:$P18)=0,"",SUM($N18:$P18)) -> 129 | R18: =IF(ISERROR(IF($Q18="","",ROUND(($Q18/$Q$10)*$R$10,2))),"",IF($Q18="","",ROUND(($Q18/$Q$10)*$R$10,2))) -> 86 | S18: =IF($R18="","",ROUND($R18*$S$10,2)) -> 43 | T18: 32 | U18: 32 | V18: 33 | W18: =IF(COUNT($T18:$V18)=0,"",SUM($T18:$V18)) -> 97 | X18: =IF(ISERROR(IF($W18="","",ROUND(($W18/$W$10)*$X$10,2))),"",IF($W18="","",ROUND(($W18/$W$10)*$X$10,2))) -> 80.83 | Y18: =IF($X18="","",ROUND($X18*$Y$10,2)) -> 24.25 | Z18: =IF(ISERROR(IF($V18="","",ROUND(SUM($M18,$S18,$Y18),2))),"",IF($V18="","",ROUND(SUM($M18,$S18,$Y18),2))) -> 84.25 | AA18: =IF(ISERROR(IF($V18="","",VLOOKUP(Z18,NewTransmu,4,TRUE))),"",IF($V18="","",VLOOKUP(Z18,NewTransmu,4,TRUE))) -> 86 | AB18: =IF(ISERROR(IF(AA18="","",VLOOKUP(AA18,DESCRIPTORS,4,TRUE))),"",IF(AA18="","",VLOOKUP(AA18,DESCRIPTORS,4,TRUE))) -> Benchmarking | AD18: Got 75% & above | AE18: =COUNTIF(AV12:AV112,">=75") -> 77 | AF18: =COUNTIF(AW12:AW112,">=75") -> 78 | AG18: =COUNTIF(AX12:AX112,">=75") -> 79 | AV18: =(T18/$T$10)*100 -> 80 | AW18: =(U18/$U$10)*100 -> 80 | AX18: =(V18/$V$10)*100 -> 82.5
A19: 8 | B19: =INPUT!B19 -> Dela Cruz, Daniel | F19: 18 | G19: 19 | H19: 19 | I19: 18 | J19: 20 | K19: =IF(COUNT($F19:$J19)=0,"",SUM($F19:$J19)) -> 94 | L19: =IF(ISERROR(IF($K19="","",ROUND(($K19/$K$10)*$L$10,2))),"",IF($K19="","",ROUND(($K19/$K$10)*$L$10,2))) -> 94 | M19: =IF($L19="","",ROUND($L19*$M$10,2)) -> 18.8 | N19: 48 | O19: 50 | P19: 48 | Q19: =IF(COUNT($N19:$P19)=0,"",SUM($N19:$P19)) -> 146 | R19: =IF(ISERROR(IF($Q19="","",ROUND(($Q19/$Q$10)*$R$10,2))),"",IF($Q19="","",ROUND(($Q19/$Q$10)*$R$10,2))) -> 97.33 | S19: =IF($R19="","",ROUND($R19*$S$10,2)) -> 48.67 | T19: 36 | U19: 36 | V19: 38 | W19: =IF(COUNT($T19:$V19)=0,"",SUM($T19:$V19)) -> 110 | X19: =IF(ISERROR(IF($W19="","",ROUND(($W19/$W$10)*$X$10,2))),"",IF($W19="","",ROUND(($W19/$W$10)*$X$10,2))) -> 91.67 | Y19: =IF($X19="","",ROUND($X19*$Y$10,2)) -> 27.5 | Z19: =IF(ISERROR(IF($V19="","",ROUND(SUM($M19,$S19,$Y19),2))),"",IF($V19="","",ROUND(SUM($M19,$S19,$Y19),2))) -> 94.97 | AA19: =IF(ISERROR(IF($V19="","",VLOOKUP(Z19,NewTransmu,4,TRUE))),"",IF($V19="","",VLOOKUP(Z19,NewTransmu,4,TRUE))) -> 96 | AB19: =IF(ISERROR(IF(AA19="","",VLOOKUP(AA19,DESCRIPTORS,4,TRUE))),"",IF(AA19="","",VLOOKUP(AA19,DESCRIPTORS,4,TRUE))) -> Advancing | AD19: Percentage | AE19: =IFERROR(AE18/AE14,"") -> 0.77 | AF19: =IFERROR(AF18/AF14,"") -> 0.78 | AG19: =IFERROR(AG18/AG14,"") -> 0.79 | AV19: =(T19/$T$10)*100 -> 90 | AW19: =(U19/$U$10)*100 -> 90 | AX19: =(V19/$V$10)*100 -> 95
A20: 9 | B20: =INPUT!B20 -> Diaz, Darren | F20: 19 | G20: 18 | H20: 16 | I20: 17 | J20: 18 | K20: =IF(COUNT($F20:$J20)=0,"",SUM($F20:$J20)) -> 88 | L20: =IF(ISERROR(IF($K20="","",ROUND(($K20/$K$10)*$L$10,2))),"",IF($K20="","",ROUND(($K20/$K$10)*$L$10,2))) -> 88 | M20: =IF($L20="","",ROUND($L20*$M$10,2)) -> 17.6 | N20: 44 | O20: 43 | P20: 44 | Q20: =IF(COUNT($N20:$P20)=0,"",SUM($N20:$P20)) -> 131 | R20: =IF(ISERROR(IF($Q20="","",ROUND(($Q20/$Q$10)*$R$10,2))),"",IF($Q20="","",ROUND(($Q20/$Q$10)*$R$10,2))) -> 87.33 | S20: =IF($R20="","",ROUND($R20*$S$10,2)) -> 43.67 | T20: 35 | U20: 34 | V20: 36 | W20: =IF(COUNT($T20:$V20)=0,"",SUM($T20:$V20)) -> 105 | X20: =IF(ISERROR(IF($W20="","",ROUND(($W20/$W$10)*$X$10,2))),"",IF($W20="","",ROUND(($W20/$W$10)*$X$10,2))) -> 87.5 | Y20: =IF($X20="","",ROUND($X20*$Y$10,2)) -> 26.25 | Z20: =IF(ISERROR(IF($V20="","",ROUND(SUM($M20,$S20,$Y20),2))),"",IF($V20="","",ROUND(SUM($M20,$S20,$Y20),2))) -> 87.52 | AA20: =IF(ISERROR(IF($V20="","",VLOOKUP(Z20,NewTransmu,4,TRUE))),"",IF($V20="","",VLOOKUP(Z20,NewTransmu,4,TRUE))) -> 89 | AB20: =IF(ISERROR(IF(AA20="","",VLOOKUP(AA20,DESCRIPTORS,4,TRUE))),"",IF(AA20="","",VLOOKUP(AA20,DESCRIPTORS,4,TRUE))) -> Benchmarking | AD20: Got below 75% | AE20: =AE14-AE18 -> 23 | AF20: =AF14-AF18 -> 22 | AG20: =AG14-AG18 -> 21 | AV20: =(T20/$T$10)*100 -> 87.5 | AW20: =(U20/$U$10)*100 -> 85 | AX20: =(V20/$V$10)*100 -> 90
A21: 10 | B21: =INPUT!B21 -> Evangelista, Diego | F21: 17 | G21: 17 | H21: 17 | I21: 17 | J21: 18 | K21: =IF(COUNT($F21:$J21)=0,"",SUM($F21:$J21)) -> 86 | L21: =IF(ISERROR(IF($K21="","",ROUND(($K21/$K$10)*$L$10,2))),"",IF($K21="","",ROUND(($K21/$K$10)*$L$10,2))) -> 86 | M21: =IF($L21="","",ROUND($L21*$M$10,2)) -> 17.2 | N21: 41 | O21: 43 | P21: 41 | Q21: =IF(COUNT($N21:$P21)=0,"",SUM($N21:$P21)) -> 125 | R21: =IF(ISERROR(IF($Q21="","",ROUND(($Q21/$Q$10)*$R$10,2))),"",IF($Q21="","",ROUND(($Q21/$Q$10)*$R$10,2))) -> 83.33 | S21: =IF($R21="","",ROUND($R21*$S$10,2)) -> 41.67 | T21: 34 | U21: 32 | V21: 32 | W21: =IF(COUNT($T21:$V21)=0,"",SUM($T21:$V21)) -> 98 | X21: =IF(ISERROR(IF($W21="","",ROUND(($W21/$W$10)*$X$10,2))),"",IF($W21="","",ROUND(($W21/$W$10)*$X$10,2))) -> 81.67 | Y21: =IF($X21="","",ROUND($X21*$Y$10,2)) -> 24.5 | Z21: =IF(ISERROR(IF($V21="","",ROUND(SUM($M21,$S21,$Y21),2))),"",IF($V21="","",ROUND(SUM($M21,$S21,$Y21),2))) -> 83.37 | AA21: =IF(ISERROR(IF($V21="","",VLOOKUP(Z21,NewTransmu,4,TRUE))),"",IF($V21="","",VLOOKUP(Z21,NewTransmu,4,TRUE))) -> 85 | AB21: =IF(ISERROR(IF(AA21="","",VLOOKUP(AA21,DESCRIPTORS,4,TRUE))),"",IF(AA21="","",VLOOKUP(AA21,DESCRIPTORS,4,TRUE))) -> Benchmarking | AD21: Percentage | AE21: =IFERROR(1-AE19,"") -> 0.23 | AF21: =IFERROR(1-AF19,"") -> 0.22 | AG21: =IFERROR(1-AG19,"") -> 0.21 | AV21: =(T21/$T$10)*100 -> 85 | AW21: =(U21/$U$10)*100 -> 80 | AX21: =(V21/$V$10)*100 -> 80
A22: 11 | B22: =INPUT!B22 -> Fernandez, Ethan | F22: 15 | G22: 14 | H22: 13 | I22: 14 | J22: 13 | K22: =IF(COUNT($F22:$J22)=0,"",SUM($F22:$J22)) -> 69 | L22: =IF(ISERROR(IF($K22="","",ROUND(($K22/$K$10)*$L$10,2))),"",IF($K22="","",ROUND(($K22/$K$10)*$L$10,2))) -> 69 | M22: =IF($L22="","",ROUND($L22*$M$10,2)) -> 13.8 | N22: 35 | O22: 32 | P22: 38 | Q22: =IF(COUNT($N22:$P22)=0,"",SUM($N22:$P22)) -> 105 | R22: =IF(ISERROR(IF($Q22="","",ROUND(($Q22/$Q$10)*$R$10,2))),"",IF($Q22="","",ROUND(($Q22/$Q$10)*$R$10,2))) -> 70 | S22: =IF($R22="","",ROUND($R22*$S$10,2)) -> 35 | T22: 23 | U22: 26 | V22: 26 | W22: =IF(COUNT($T22:$V22)=0,"",SUM($T22:$V22)) -> 75 | X22: =IF(ISERROR(IF($W22="","",ROUND(($W22/$W$10)*$X$10,2))),"",IF($W22="","",ROUND(($W22/$W$10)*$X$10,2))) -> 62.5 | Y22: =IF($X22="","",ROUND($X22*$Y$10,2)) -> 18.75 | Z22: =IF(ISERROR(IF($V22="","",ROUND(SUM($M22,$S22,$Y22),2))),"",IF($V22="","",ROUND(SUM($M22,$S22,$Y22),2))) -> 67.55 | AA22: =IF(ISERROR(IF($V22="","",VLOOKUP(Z22,NewTransmu,4,TRUE))),"",IF($V22="","",VLOOKUP(Z22,NewTransmu,4,TRUE))) -> 73 | AB22: =IF(ISERROR(IF(AA22="","",VLOOKUP(AA22,DESCRIPTORS,4,TRUE))),"",IF(AA22="","",VLOOKUP(AA22,DESCRIPTORS,4,TRUE))) -> Developing | AV22: =(T22/$T$10)*100 -> 57.5 | AW22: =(U22/$U$10)*100 -> 65 | AX22: =(V22/$V$10)*100 -> 65
A23: 12 | B23: =INPUT!B23 -> Garcia, Gabriel | F23: 15 | G23: 15 | H23: 15 | I23: 15 | J23: 14 | K23: =IF(COUNT($F23:$J23)=0,"",SUM($F23:$J23)) -> 74 | L23: =IF(ISERROR(IF($K23="","",ROUND(($K23/$K$10)*$L$10,2))),"",IF($K23="","",ROUND(($K23/$K$10)*$L$10,2))) -> 74 | M23: =IF($L23="","",ROUND($L23*$M$10,2)) -> 14.8 | N23: 42 | O23: 39 | P23: 38 | Q23: =IF(COUNT($N23:$P23)=0,"",SUM($N23:$P23)) -> 119 | R23: =IF(ISERROR(IF($Q23="","",ROUND(($Q23/$Q$10)*$R$10,2))),"",IF($Q23="","",ROUND(($Q23/$Q$10)*$R$10,2))) -> 79.33 | S23: =IF($R23="","",ROUND($R23*$S$10,2)) -> 39.67 | T23: 30 | U23: 30 | V23: 32 | W23: =IF(COUNT($T23:$V23)=0,"",SUM($T23:$V23)) -> 92 | X23: =IF(ISERROR(IF($W23="","",ROUND(($W23/$W$10)*$X$10,2))),"",IF($W23="","",ROUND(($W23/$W$10)*$X$10,2))) -> 76.67 | Y23: =IF($X23="","",ROUND($X23*$Y$10,2)) -> 23 | Z23: =IF(ISERROR(IF($V23="","",ROUND(SUM($M23,$S23,$Y23),2))),"",IF($V23="","",ROUND(SUM($M23,$S23,$Y23),2))) -> 77.47 | AA23: =IF(ISERROR(IF($V23="","",VLOOKUP(Z23,NewTransmu,4,TRUE))),"",IF($V23="","",VLOOKUP(Z23,NewTransmu,4,TRUE))) -> 79 | AB23: =IF(ISERROR(IF(AA23="","",VLOOKUP(AA23,DESCRIPTORS,4,TRUE))),"",IF(AA23="","",VLOOKUP(AA23,DESCRIPTORS,4,TRUE))) -> Connecting | AD23: NORM-REFERENCED | AE23: ST1 | AF23: ST2 | AG23: TE | AV23: =(T23/$T$10)*100 -> 75 | AW23: =(U23/$U$10)*100 -> 75 | AX23: =(V23/$V$10)*100 -> 80
A24: 13 | B24: =INPUT!B24 -> Gonzales, Harold | F24: 18 | G24: 19 | H24: 20 | I24: 20 | J24: 20 | K24: =IF(COUNT($F24:$J24)=0,"",SUM($F24:$J24)) -> 97 | L24: =IF(ISERROR(IF($K24="","",ROUND(($K24/$K$10)*$L$10,2))),"",IF($K24="","",ROUND(($K24/$K$10)*$L$10,2))) -> 97 | M24: =IF($L24="","",ROUND($L24*$M$10,2)) -> 19.4 | N24: 49 | O24: 50 | P24: 50 | Q24: =IF(COUNT($N24:$P24)=0,"",SUM($N24:$P24)) -> 149 | R24: =IF(ISERROR(IF($Q24="","",ROUND(($Q24/$Q$10)*$R$10,2))),"",IF($Q24="","",ROUND(($Q24/$Q$10)*$R$10,2))) -> 99.33 | S24: =IF($R24="","",ROUND($R24*$S$10,2)) -> 49.67 | T24: 34 | U24: 35 | V24: 39 | W24: =IF(COUNT($T24:$V24)=0,"",SUM($T24:$V24)) -> 108 | X24: =IF(ISERROR(IF($W24="","",ROUND(($W24/$W$10)*$X$10,2))),"",IF($W24="","",ROUND(($W24/$W$10)*$X$10,2))) -> 90 | Y24: =IF($X24="","",ROUND($X24*$Y$10,2)) -> 27 | Z24: =IF(ISERROR(IF($V24="","",ROUND(SUM($M24,$S24,$Y24),2))),"",IF($V24="","",ROUND(SUM($M24,$S24,$Y24),2))) -> 96.07 | AA24: =IF(ISERROR(IF($V24="","",VLOOKUP(Z24,NewTransmu,4,TRUE))),"",IF($V24="","",VLOOKUP(Z24,NewTransmu,4,TRUE))) -> 98 | AB24: =IF(ISERROR(IF(AA24="","",VLOOKUP(AA24,DESCRIPTORS,4,TRUE))),"",IF(AA24="","",VLOOKUP(AA24,DESCRIPTORS,4,TRUE))) -> Advancing | AD24: Mean | AE24: =IFERROR(AVERAGE(T12:T112),"") -> 31.73 | AF24: =IFERROR(AVERAGE(U12:U112),"") -> 31.65 | AG24: =IFERROR(AVERAGE(V12:V112),"") -> 31.77 | AV24: =(T24/$T$10)*100 -> 85 | AW24: =(U24/$U$10)*100 -> 87.5 | AX24: =(V24/$V$10)*100 -> 97.5
A25: 14 | B25: =INPUT!B25 -> Hernandez, Ivan | F25: 18 | G25: 17 | H25: 18 | I25: 18 | J25: 19 | K25: =IF(COUNT($F25:$J25)=0,"",SUM($F25:$J25)) -> 90 | L25: =IF(ISERROR(IF($K25="","",ROUND(($K25/$K$10)*$L$10,2))),"",IF($K25="","",ROUND(($K25/$K$10)*$L$10,2))) -> 90 | M25: =IF($L25="","",ROUND($L25*$M$10,2)) -> 18 | N25: 45 | O25: 46 | P25: 47 | Q25: =IF(COUNT($N25:$P25)=0,"",SUM($N25:$P25)) -> 138 | R25: =IF(ISERROR(IF($Q25="","",ROUND(($Q25/$Q$10)*$R$10,2))),"",IF($Q25="","",ROUND(($Q25/$Q$10)*$R$10,2))) -> 92 | S25: =IF($R25="","",ROUND($R25*$S$10,2)) -> 46 | T25: 32 | U25: 34 | V25: 33 | W25: =IF(COUNT($T25:$V25)=0,"",SUM($T25:$V25)) -> 99 | X25: =IF(ISERROR(IF($W25="","",ROUND(($W25/$W$10)*$X$10,2))),"",IF($W25="","",ROUND(($W25/$W$10)*$X$10,2))) -> 82.5 | Y25: =IF($X25="","",ROUND($X25*$Y$10,2)) -> 24.75 | Z25: =IF(ISERROR(IF($V25="","",ROUND(SUM($M25,$S25,$Y25),2))),"",IF($V25="","",ROUND(SUM($M25,$S25,$Y25),2))) -> 88.75 | AA25: =IF(ISERROR(IF($V25="","",VLOOKUP(Z25,NewTransmu,4,TRUE))),"",IF($V25="","",VLOOKUP(Z25,NewTransmu,4,TRUE))) -> 90 | AB25: =IF(ISERROR(IF(AA25="","",VLOOKUP(AA25,DESCRIPTORS,4,TRUE))),"",IF(AA25="","",VLOOKUP(AA25,DESCRIPTORS,4,TRUE))) -> Advancing | AD25: Median | AE25: =IFERROR(MEDIAN(T12:T112),"") -> 32.5 | AF25: =IFERROR(MEDIAN(U12:U112),"") -> 33 | AG25: =IFERROR(MEDIAN(V12:V112),"") -> 32 | AV25: =(T25/$T$10)*100 -> 80 | AW25: =(U25/$U$10)*100 -> 85 | AX25: =(V25/$V$10)*100 -> 82.5
A26: 15 | B26: =INPUT!B26 -> Ilagan, Jacob | F26: 9 | G26: 10 | H26: 10 | I26: 8 | J26: 10 | K26: =IF(COUNT($F26:$J26)=0,"",SUM($F26:$J26)) -> 47 | L26: =IF(ISERROR(IF($K26="","",ROUND(($K26/$K$10)*$L$10,2))),"",IF($K26="","",ROUND(($K26/$K$10)*$L$10,2))) -> 47 | M26: =IF($L26="","",ROUND($L26*$M$10,2)) -> 9.4 | N26: 26 | O26: 21 | P26: 22 | Q26: =IF(COUNT($N26:$P26)=0,"",SUM($N26:$P26)) -> 69 | R26: =IF(ISERROR(IF($Q26="","",ROUND(($Q26/$Q$10)*$R$10,2))),"",IF($Q26="","",ROUND(($Q26/$Q$10)*$R$10,2))) -> 46 | S26: =IF($R26="","",ROUND($R26*$S$10,2)) -> 23 | T26: 13 | U26: 13 | V26: 14 | W26: =IF(COUNT($T26:$V26)=0,"",SUM($T26:$V26)) -> 40 | X26: =IF(ISERROR(IF($W26="","",ROUND(($W26/$W$10)*$X$10,2))),"",IF($W26="","",ROUND(($W26/$W$10)*$X$10,2))) -> 33.33 | Y26: =IF($X26="","",ROUND($X26*$Y$10,2)) -> 10 | Z26: =IF(ISERROR(IF($V26="","",ROUND(SUM($M26,$S26,$Y26),2))),"",IF($V26="","",ROUND(SUM($M26,$S26,$Y26),2))) -> 42.4 | AA26: =IF(ISERROR(IF($V26="","",VLOOKUP(Z26,NewTransmu,4,TRUE))),"",IF($V26="","",VLOOKUP(Z26,NewTransmu,4,TRUE))) -> 61 | AB26: =IF(ISERROR(IF(AA26="","",VLOOKUP(AA26,DESCRIPTORS,4,TRUE))),"",IF(AA26="","",VLOOKUP(AA26,DESCRIPTORS,4,TRUE))) -> Emerging | AD26: SD | AE26: =IFERROR(_xlfn.STDEV.S(T12:T112),"") -> 5.1656499 | AF26: =_xlfn.STDEV.S(U12:U112) -> 4.9713828 | AG26: =_xlfn.STDEV.S(V12:V112) -> 5.1968425 | AV26: =(T26/$T$10)*100 -> 32.5 | AW26: =(U26/$U$10)*100 -> 32.5 | AX26: =(V26/$V$10)*100 -> 35
A27: 16 | B27: =INPUT!B27 -> Jimenez, James | F27: 16 | G27: 17 | H27: 18 | I27: 17 | J27: 17 | K27: =IF(COUNT($F27:$J27)=0,"",SUM($F27:$J27)) -> 85 | L27: =IF(ISERROR(IF($K27="","",ROUND(($K27/$K$10)*$L$10,2))),"",IF($K27="","",ROUND(($K27/$K$10)*$L$10,2))) -> 85 | M27: =IF($L27="","",ROUND($L27*$M$10,2)) -> 17 | N27: 43 | O27: 41 | P27: 44 | Q27: =IF(COUNT($N27:$P27)=0,"",SUM($N27:$P27)) -> 128 | R27: =IF(ISERROR(IF($Q27="","",ROUND(($Q27/$Q$10)*$R$10,2))),"",IF($Q27="","",ROUND(($Q27/$Q$10)*$R$10,2))) -> 85.33 | S27: =IF($R27="","",ROUND($R27*$S$10,2)) -> 42.67 | T27: 31 | U27: 30 | V27: 30 | W27: =IF(COUNT($T27:$V27)=0,"",SUM($T27:$V27)) -> 91 | X27: =IF(ISERROR(IF($W27="","",ROUND(($W27/$W$10)*$X$10,2))),"",IF($W27="","",ROUND(($W27/$W$10)*$X$10,2))) -> 75.83 | Y27: =IF($X27="","",ROUND($X27*$Y$10,2)) -> 22.75 | Z27: =IF(ISERROR(IF($V27="","",ROUND(SUM($M27,$S27,$Y27),2))),"",IF($V27="","",ROUND(SUM($M27,$S27,$Y27),2))) -> 82.42 | AA27: =IF(ISERROR(IF($V27="","",VLOOKUP(Z27,NewTransmu,4,TRUE))),"",IF($V27="","",VLOOKUP(Z27,NewTransmu,4,TRUE))) -> 84 | AB27: =IF(ISERROR(IF(AA27="","",VLOOKUP(AA27,DESCRIPTORS,4,TRUE))),"",IF(AA27="","",VLOOKUP(AA27,DESCRIPTORS,4,TRUE))) -> Benchmarking | AD27: MPS/PL | AE27: =IFERROR(AE24/AE15,"") -> 0.79325 | AF27: =IFERROR(AF24/AF15,"") -> 0.79125 | AG27: =IFERROR(AG24/AG15,"") -> 0.79425 | AV27: =(T27/$T$10)*100 -> 77.5 | AW27: =(U27/$U$10)*100 -> 75 | AX27: =(V27/$V$10)*100 -> 75
A28: 17 | B28: =INPUT!B28 -> Lacson, Jared | F28: 17 | G28: 16 | H28: 18 | I28: 17 | J28: 18 | K28: =IF(COUNT($F28:$J28)=0,"",SUM($F28:$J28)) -> 86 | L28: =IF(ISERROR(IF($K28="","",ROUND(($K28/$K$10)*$L$10,2))),"",IF($K28="","",ROUND(($K28/$K$10)*$L$10,2))) -> 86 | M28: =IF($L28="","",ROUND($L28*$M$10,2)) -> 17.2 | N28: 43 | O28: 44 | P28: 44 | Q28: =IF(COUNT($N28:$P28)=0,"",SUM($N28:$P28)) -> 131 | R28: =IF(ISERROR(IF($Q28="","",ROUND(($Q28/$Q$10)*$R$10,2))),"",IF($Q28="","",ROUND(($Q28/$Q$10)*$R$10,2))) -> 87.33 | S28: =IF($R28="","",ROUND($R28*$S$10,2)) -> 43.67 | T28: 33 | U28: 35 | V28: 31 | W28: =IF(COUNT($T28:$V28)=0,"",SUM($T28:$V28)) -> 99 | X28: =IF(ISERROR(IF($W28="","",ROUND(($W28/$W$10)*$X$10,2))),"",IF($W28="","",ROUND(($W28/$W$10)*$X$10,2))) -> 82.5 | Y28: =IF($X28="","",ROUND($X28*$Y$10,2)) -> 24.75 | Z28: =IF(ISERROR(IF($V28="","",ROUND(SUM($M28,$S28,$Y28),2))),"",IF($V28="","",ROUND(SUM($M28,$S28,$Y28),2))) -> 85.62 | AA28: =IF(ISERROR(IF($V28="","",VLOOKUP(Z28,NewTransmu,4,TRUE))),"",IF($V28="","",VLOOKUP(Z28,NewTransmu,4,TRUE))) -> 87 | AB28: =IF(ISERROR(IF(AA28="","",VLOOKUP(AA28,DESCRIPTORS,4,TRUE))),"",IF(AA28="","",VLOOKUP(AA28,DESCRIPTORS,4,TRUE))) -> Benchmarking | AV28: =(T28/$T$10)*100 -> 82.5 | AW28: =(U28/$U$10)*100 -> 87.5 | AX28: =(V28/$V$10)*100 -> 77.5
A29: 18 | B29: =INPUT!B29 -> Lim, Jericho | F29: 20 | G29: 19 | H29: 19 | I29: 19 | J29: 19 | K29: =IF(COUNT($F29:$J29)=0,"",SUM($F29:$J29)) -> 96 | L29: =IF(ISERROR(IF($K29="","",ROUND(($K29/$K$10)*$L$10,2))),"",IF($K29="","",ROUND(($K29/$K$10)*$L$10,2))) -> 96 | M29: =IF($L29="","",ROUND($L29*$M$10,2)) -> 19.2 | N29: 46 | O29: 46 | P29: 50 | Q29: =IF(COUNT($N29:$P29)=0,"",SUM($N29:$P29)) -> 142 | R29: =IF(ISERROR(IF($Q29="","",ROUND(($Q29/$Q$10)*$R$10,2))),"",IF($Q29="","",ROUND(($Q29/$Q$10)*$R$10,2))) -> 94.67 | S29: =IF($R29="","",ROUND($R29*$S$10,2)) -> 47.34 | T29: 39 | U29: 36 | V29: 39 | W29: =IF(COUNT($T29:$V29)=0,"",SUM($T29:$V29)) -> 114 | X29: =IF(ISERROR(IF($W29="","",ROUND(($W29/$W$10)*$X$10,2))),"",IF($W29="","",ROUND(($W29/$W$10)*$X$10,2))) -> 95 | Y29: =IF($X29="","",ROUND($X29*$Y$10,2)) -> 28.5 | Z29: =IF(ISERROR(IF($V29="","",ROUND(SUM($M29,$S29,$Y29),2))),"",IF($V29="","",ROUND(SUM($M29,$S29,$Y29),2))) -> 95.04 | AA29: =IF(ISERROR(IF($V29="","",VLOOKUP(Z29,NewTransmu,4,TRUE))),"",IF($V29="","",VLOOKUP(Z29,NewTransmu,4,TRUE))) -> 97 | AB29: =IF(ISERROR(IF(AA29="","",VLOOKUP(AA29,DESCRIPTORS,4,TRUE))),"",IF(AA29="","",VLOOKUP(AA29,DESCRIPTORS,4,TRUE))) -> Advancing | AD29: OTHER INFO | AE29: ST1 | AF29: ST2 | AG29: TE | AV29: =(T29/$T$10)*100 -> 97.5 | AW29: =(U29/$U$10)*100 -> 90 | AX29: =(V29/$V$10)*100 -> 97.5
A30: 19 | B30: =INPUT!B30 -> Manalo, Joaquin | F30: 19 | G30: 17 | H30: 19 | I30: 17 | J30: 19 | K30: =IF(COUNT($F30:$J30)=0,"",SUM($F30:$J30)) -> 91 | L30: =IF(ISERROR(IF($K30="","",ROUND(($K30/$K$10)*$L$10,2))),"",IF($K30="","",ROUND(($K30/$K$10)*$L$10,2))) -> 91 | M30: =IF($L30="","",ROUND($L30*$M$10,2)) -> 18.2 | N30: 43 | O30: 44 | P30: 47 | Q30: =IF(COUNT($N30:$P30)=0,"",SUM($N30:$P30)) -> 134 | R30: =IF(ISERROR(IF($Q30="","",ROUND(($Q30/$Q$10)*$R$10,2))),"",IF($Q30="","",ROUND(($Q30/$Q$10)*$R$10,2))) -> 89.33 | S30: =IF($R30="","",ROUND($R30*$S$10,2)) -> 44.67 | T30: 37 | U30: 35 | V30: 32 | W30: =IF(COUNT($T30:$V30)=0,"",SUM($T30:$V30)) -> 104 | X30: =IF(ISERROR(IF($W30="","",ROUND(($W30/$W$10)*$X$10,2))),"",IF($W30="","",ROUND(($W30/$W$10)*$X$10,2))) -> 86.67 | Y30: =IF($X30="","",ROUND($X30*$Y$10,2)) -> 26 | Z30: =IF(ISERROR(IF($V30="","",ROUND(SUM($M30,$S30,$Y30),2))),"",IF($V30="","",ROUND(SUM($M30,$S30,$Y30),2))) -> 88.87 | AA30: =IF(ISERROR(IF($V30="","",VLOOKUP(Z30,NewTransmu,4,TRUE))),"",IF($V30="","",VLOOKUP(Z30,NewTransmu,4,TRUE))) -> 90 | AB30: =IF(ISERROR(IF(AA30="","",VLOOKUP(AA30,DESCRIPTORS,4,TRUE))),"",IF(AA30="","",VLOOKUP(AA30,DESCRIPTORS,4,TRUE))) -> Advancing | AD30: Highest Score | AE30: =IF(COUNTA(T12:T112)=0,"",MAX(T12:T112)) -> 40 | AF30: =IF(COUNTA(U12:U112)=0,"",MAX(U12:U112)) -> 39 | AG30: =IF(COUNTA(V12:V112)=0,"",MAX(V12:V112)) -> 40 | AV30: =(T30/$T$10)*100 -> 92.5 | AW30: =(U30/$U$10)*100 -> 87.5 | AX30: =(V30/$V$10)*100 -> 80
A31: 20 | B31: =INPUT!B31 -> Mendoza, Joshua | F31: 15 | G31: 17 | H31: 17 | I31: 17 | J31: 16 | K31: =IF(COUNT($F31:$J31)=0,"",SUM($F31:$J31)) -> 82 | L31: =IF(ISERROR(IF($K31="","",ROUND(($K31/$K$10)*$L$10,2))),"",IF($K31="","",ROUND(($K31/$K$10)*$L$10,2))) -> 82 | M31: =IF($L31="","",ROUND($L31*$M$10,2)) -> 16.4 | N31: 43 | O31: 47 | P31: 46 | Q31: =IF(COUNT($N31:$P31)=0,"",SUM($N31:$P31)) -> 136 | R31: =IF(ISERROR(IF($Q31="","",ROUND(($Q31/$Q$10)*$R$10,2))),"",IF($Q31="","",ROUND(($Q31/$Q$10)*$R$10,2))) -> 90.67 | S31: =IF($R31="","",ROUND($R31*$S$10,2)) -> 45.34 | T31: 35 | U31: 33 | V31: 32 | W31: =IF(COUNT($T31:$V31)=0,"",SUM($T31:$V31)) -> 100 | X31: =IF(ISERROR(IF($W31="","",ROUND(($W31/$W$10)*$X$10,2))),"",IF($W31="","",ROUND(($W31/$W$10)*$X$10,2))) -> 83.33 | Y31: =IF($X31="","",ROUND($X31*$Y$10,2)) -> 25 | Z31: =IF(ISERROR(IF($V31="","",ROUND(SUM($M31,$S31,$Y31),2))),"",IF($V31="","",ROUND(SUM($M31,$S31,$Y31),2))) -> 86.74 | AA31: =IF(ISERROR(IF($V31="","",VLOOKUP(Z31,NewTransmu,4,TRUE))),"",IF($V31="","",VLOOKUP(Z31,NewTransmu,4,TRUE))) -> 88 | AB31: =IF(ISERROR(IF(AA31="","",VLOOKUP(AA31,DESCRIPTORS,4,TRUE))),"",IF(AA31="","",VLOOKUP(AA31,DESCRIPTORS,4,TRUE))) -> Benchmarking | AD31: Lowest Score | AE31: =IF(COUNTA(T12:T112)=0,"",MIN(T12:T112)) -> 13 | AF31: =IF(COUNTA(U12:U112)=0,"",MIN(U12:U112)) -> 13 | AG31: =IF(COUNTA(V12:V112)=0,"",MIN(V12:V112)) -> 14 | AV31: =(T31/$T$10)*100 -> 87.5 | AW31: =(U31/$U$10)*100 -> 82.5 | AX31: =(V31/$V$10)*100 -> 80
A32: 21 | B32: =INPUT!B32 -> Navarro, Lance | F32: 19 | G32: 20 | H32: 20 | I32: 18 | J32: 19 | K32: =IF(COUNT($F32:$J32)=0,"",SUM($F32:$J32)) -> 96 | L32: =IF(ISERROR(IF($K32="","",ROUND(($K32/$K$10)*$L$10,2))),"",IF($K32="","",ROUND(($K32/$K$10)*$L$10,2))) -> 96 | M32: =IF($L32="","",ROUND($L32*$M$10,2)) -> 19.2 | N32: 49 | O32: 48 | P32: 50 | Q32: =IF(COUNT($N32:$P32)=0,"",SUM($N32:$P32)) -> 147 | R32: =IF(ISERROR(IF($Q32="","",ROUND(($Q32/$Q$10)*$R$10,2))),"",IF($Q32="","",ROUND(($Q32/$Q$10)*$R$10,2))) -> 98 | S32: =IF($R32="","",ROUND($R32*$S$10,2)) -> 49 | T32: 38 | U32: 37 | V32: 35 | W32: =IF(COUNT($T32:$V32)=0,"",SUM($T32:$V32)) -> 110 | X32: =IF(ISERROR(IF($W32="","",ROUND(($W32/$W$10)*$X$10,2))),"",IF($W32="","",ROUND(($W32/$W$10)*$X$10,2))) -> 91.67 | Y32: =IF($X32="","",ROUND($X32*$Y$10,2)) -> 27.5 | Z32: =IF(ISERROR(IF($V32="","",ROUND(SUM($M32,$S32,$Y32),2))),"",IF($V32="","",ROUND(SUM($M32,$S32,$Y32),2))) -> 95.7 | AA32: =IF(ISERROR(IF($V32="","",VLOOKUP(Z32,NewTransmu,4,TRUE))),"",IF($V32="","",VLOOKUP(Z32,NewTransmu,4,TRUE))) -> 97 | AB32: =IF(ISERROR(IF(AA32="","",VLOOKUP(AA32,DESCRIPTORS,4,TRUE))),"",IF(AA32="","",VLOOKUP(AA32,DESCRIPTORS,4,TRUE))) -> Advancing | AD32: Total Score | AE32: =IF(COUNTA(T12:T112)=0,"",SUM(T12:T112)) -> 3173 | AF32: =IF(COUNTA(U12:U112)=0,"",SUM(U12:U112)) -> 3165 | AG32: =IF(COUNTA(V12:V112)=0,"",SUM(V12:V112)) -> 3177 | AV32: =(T32/$T$10)*100 -> 95 | AW32: =(U32/$U$10)*100 -> 92.5 | AX32: =(V32/$V$10)*100 -> 87.5
A33: 22 | B33: =INPUT!B33 -> Ocampo, Luis | F33: 15 | G33: 14 | H33: 16 | I33: 14 | J33: 15 | K33: =IF(COUNT($F33:$J33)=0,"",SUM($F33:$J33)) -> 74 | L33: =IF(ISERROR(IF($K33="","",ROUND(($K33/$K$10)*$L$10,2))),"",IF($K33="","",ROUND(($K33/$K$10)*$L$10,2))) -> 74 | M33: =IF($L33="","",ROUND($L33*$M$10,2)) -> 14.8 | N33: 41 | O33: 40 | P33: 40 | Q33: =IF(COUNT($N33:$P33)=0,"",SUM($N33:$P33)) -> 121 | R33: =IF(ISERROR(IF($Q33="","",ROUND(($Q33/$Q$10)*$R$10,2))),"",IF($Q33="","",ROUND(($Q33/$Q$10)*$R$10,2))) -> 80.67 | S33: =IF($R33="","",ROUND($R33*$S$10,2)) -> 40.34 | T33: 27 | U33: 29 | V33: 28 | W33: =IF(COUNT($T33:$V33)=0,"",SUM($T33:$V33)) -> 84 | X33: =IF(ISERROR(IF($W33="","",ROUND(($W33/$W$10)*$X$10,2))),"",IF($W33="","",ROUND(($W33/$W$10)*$X$10,2))) -> 70 | Y33: =IF($X33="","",ROUND($X33*$Y$10,2)) -> 21 | Z33: =IF(ISERROR(IF($V33="","",ROUND(SUM($M33,$S33,$Y33),2))),"",IF($V33="","",ROUND(SUM($M33,$S33,$Y33),2))) -> 76.14 | AA33: =IF(ISERROR(IF($V33="","",VLOOKUP(Z33,NewTransmu,4,TRUE))),"",IF($V33="","",VLOOKUP(Z33,NewTransmu,4,TRUE))) -> 78 | AB33: =IF(ISERROR(IF(AA33="","",VLOOKUP(AA33,DESCRIPTORS,4,TRUE))),"",IF(AA33="","",VLOOKUP(AA33,DESCRIPTORS,4,TRUE))) -> Connecting | AV33: =(T33/$T$10)*100 -> 67.5 | AW33: =(U33/$U$10)*100 -> 72.5 | AX33: =(V33/$V$10)*100 -> 70
A34: 23 | B34: =INPUT!B34 -> Ortega, Marco | F34: 19 | G34: 17 | H34: 19 | I34: 17 | J34: 19 | K34: =IF(COUNT($F34:$J34)=0,"",SUM($F34:$J34)) -> 91 | L34: =IF(ISERROR(IF($K34="","",ROUND(($K34/$K$10)*$L$10,2))),"",IF($K34="","",ROUND(($K34/$K$10)*$L$10,2))) -> 91 | M34: =IF($L34="","",ROUND($L34*$M$10,2)) -> 18.2 | N34: 45 | O34: 45 | P34: 49 | Q34: =IF(COUNT($N34:$P34)=0,"",SUM($N34:$P34)) -> 139 | R34: =IF(ISERROR(IF($Q34="","",ROUND(($Q34/$Q$10)*$R$10,2))),"",IF($Q34="","",ROUND(($Q34/$Q$10)*$R$10,2))) -> 92.67 | S34: =IF($R34="","",ROUND($R34*$S$10,2)) -> 46.34 | T34: 35 | U34: 34 | V34: 32 | W34: =IF(COUNT($T34:$V34)=0,"",SUM($T34:$V34)) -> 101 | X34: =IF(ISERROR(IF($W34="","",ROUND(($W34/$W$10)*$X$10,2))),"",IF($W34="","",ROUND(($W34/$W$10)*$X$10,2))) -> 84.17 | Y34: =IF($X34="","",ROUND($X34*$Y$10,2)) -> 25.25 | Z34: =IF(ISERROR(IF($V34="","",ROUND(SUM($M34,$S34,$Y34),2))),"",IF($V34="","",ROUND(SUM($M34,$S34,$Y34),2))) -> 89.79 | AA34: =IF(ISERROR(IF($V34="","",VLOOKUP(Z34,NewTransmu,4,TRUE))),"",IF($V34="","",VLOOKUP(Z34,NewTransmu,4,TRUE))) -> 91 | AB34: =IF(ISERROR(IF(AA34="","",VLOOKUP(AA34,DESCRIPTORS,4,TRUE))),"",IF(AA34="","",VLOOKUP(AA34,DESCRIPTORS,4,TRUE))) -> Advancing | AV34: =(T34/$T$10)*100 -> 87.5 | AW34: =(U34/$U$10)*100 -> 85 | AX34: =(V34/$V$10)*100 -> 80
A35: 24 | B35: =INPUT!B35 -> Pascual, Martin | F35: 17 | G35: 17 | H35: 16 | I35: 16 | J35: 17 | K35: =IF(COUNT($F35:$J35)=0,"",SUM($F35:$J35)) -> 83 | L35: =IF(ISERROR(IF($K35="","",ROUND(($K35/$K$10)*$L$10,2))),"",IF($K35="","",ROUND(($K35/$K$10)*$L$10,2))) -> 83 | M35: =IF($L35="","",ROUND($L35*$M$10,2)) -> 16.6 | N35: 45 | O35: 46 | P35: 46 | Q35: =IF(COUNT($N35:$P35)=0,"",SUM($N35:$P35)) -> 137 | R35: =IF(ISERROR(IF($Q35="","",ROUND(($Q35/$Q$10)*$R$10,2))),"",IF($Q35="","",ROUND(($Q35/$Q$10)*$R$10,2))) -> 91.33 | S35: =IF($R35="","",ROUND($R35*$S$10,2)) -> 45.67 | T35: 34 | U35: 32 | V35: 30 | W35: =IF(COUNT($T35:$V35)=0,"",SUM($T35:$V35)) -> 96 | X35: =IF(ISERROR(IF($W35="","",ROUND(($W35/$W$10)*$X$10,2))),"",IF($W35="","",ROUND(($W35/$W$10)*$X$10,2))) -> 80 | Y35: =IF($X35="","",ROUND($X35*$Y$10,2)) -> 24 | Z35: =IF(ISERROR(IF($V35="","",ROUND(SUM($M35,$S35,$Y35),2))),"",IF($V35="","",ROUND(SUM($M35,$S35,$Y35),2))) -> 86.27 | AA35: =IF(ISERROR(IF($V35="","",VLOOKUP(Z35,NewTransmu,4,TRUE))),"",IF($V35="","",VLOOKUP(Z35,NewTransmu,4,TRUE))) -> 88 | AB35: =IF(ISERROR(IF(AA35="","",VLOOKUP(AA35,DESCRIPTORS,4,TRUE))),"",IF(AA35="","",VLOOKUP(AA35,DESCRIPTORS,4,TRUE))) -> Benchmarking | AV35: =(T35/$T$10)*100 -> 85 | AW35: =(U35/$U$10)*100 -> 80 | AX35: =(V35/$V$10)*100 -> 75
A36: 25 | B36: =INPUT!B36 -> Quizon, Matthew | F36: 15 | G36: 13 | H36: 16 | I36: 15 | J36: 15 | K36: =IF(COUNT($F36:$J36)=0,"",SUM($F36:$J36)) -> 74 | L36: =IF(ISERROR(IF($K36="","",ROUND(($K36/$K$10)*$L$10,2))),"",IF($K36="","",ROUND(($K36/$K$10)*$L$10,2))) -> 74 | M36: =IF($L36="","",ROUND($L36*$M$10,2)) -> 14.8 | N36: 36 | O36: 37 | P36: 36 | Q36: =IF(COUNT($N36:$P36)=0,"",SUM($N36:$P36)) -> 109 | R36: =IF(ISERROR(IF($Q36="","",ROUND(($Q36/$Q$10)*$R$10,2))),"",IF($Q36="","",ROUND(($Q36/$Q$10)*$R$10,2))) -> 72.67 | S36: =IF($R36="","",ROUND($R36*$S$10,2)) -> 36.34 | T36: 30 | U36: 29 | V36: 29 | W36: =IF(COUNT($T36:$V36)=0,"",SUM($T36:$V36)) -> 88 | X36: =IF(ISERROR(IF($W36="","",ROUND(($W36/$W$10)*$X$10,2))),"",IF($W36="","",ROUND(($W36/$W$10)*$X$10,2))) -> 73.33 | Y36: =IF($X36="","",ROUND($X36*$Y$10,2)) -> 22 | Z36: =IF(ISERROR(IF($V36="","",ROUND(SUM($M36,$S36,$Y36),2))),"",IF($V36="","",ROUND(SUM($M36,$S36,$Y36),2))) -> 73.14 | AA36: =IF(ISERROR(IF($V36="","",VLOOKUP(Z36,NewTransmu,4,TRUE))),"",IF($V36="","",VLOOKUP(Z36,NewTransmu,4,TRUE))) -> 76 | AB36: =IF(ISERROR(IF(AA36="","",VLOOKUP(AA36,DESCRIPTORS,4,TRUE))),"",IF(AA36="","",VLOOKUP(AA36,DESCRIPTORS,4,TRUE))) -> Connecting | AV36: =(T36/$T$10)*100 -> 75 | AW36: =(U36/$U$10)*100 -> 72.5 | AX36: =(V36/$V$10)*100 -> 72.5
A37: 26 | B37: =INPUT!B37 -> Ramos, Miguel | F37: 17 | G37: 17 | H37: 16 | I37: 17 | J37: 16 | K37: =IF(COUNT($F37:$J37)=0,"",SUM($F37:$J37)) -> 83 | L37: =IF(ISERROR(IF($K37="","",ROUND(($K37/$K$10)*$L$10,2))),"",IF($K37="","",ROUND(($K37/$K$10)*$L$10,2))) -> 83 | M37: =IF($L37="","",ROUND($L37*$M$10,2)) -> 16.6 | N37: 40 | O37: 39 | P37: 45 | Q37: =IF(COUNT($N37:$P37)=0,"",SUM($N37:$P37)) -> 124 | R37: =IF(ISERROR(IF($Q37="","",ROUND(($Q37/$Q$10)*$R$10,2))),"",IF($Q37="","",ROUND(($Q37/$Q$10)*$R$10,2))) -> 82.67 | S37: =IF($R37="","",ROUND($R37*$S$10,2)) -> 41.34 | T37: 32 | U37: 29 | V37: 31 | W37: =IF(COUNT($T37:$V37)=0,"",SUM($T37:$V37)) -> 92 | X37: =IF(ISERROR(IF($W37="","",ROUND(($W37/$W$10)*$X$10,2))),"",IF($W37="","",ROUND(($W37/$W$10)*$X$10,2))) -> 76.67 | Y37: =IF($X37="","",ROUND($X37*$Y$10,2)) -> 23 | Z37: =IF(ISERROR(IF($V37="","",ROUND(SUM($M37,$S37,$Y37),2))),"",IF($V37="","",ROUND(SUM($M37,$S37,$Y37),2))) -> 80.94 | AA37: =IF(ISERROR(IF($V37="","",VLOOKUP(Z37,NewTransmu,4,TRUE))),"",IF($V37="","",VLOOKUP(Z37,NewTransmu,4,TRUE))) -> 82 | AB37: =IF(ISERROR(IF(AA37="","",VLOOKUP(AA37,DESCRIPTORS,4,TRUE))),"",IF(AA37="","",VLOOKUP(AA37,DESCRIPTORS,4,TRUE))) -> Benchmarking | AV37: =(T37/$T$10)*100 -> 80 | AW37: =(U37/$U$10)*100 -> 72.5 | AX37: =(V37/$V$10)*100 -> 77.5
A38: 27 | B38: =INPUT!B38 -> Reyes, Nathan | F38: 17 | G38: 19 | H38: 17 | I38: 19 | J38: 18 | K38: =IF(COUNT($F38:$J38)=0,"",SUM($F38:$J38)) -> 90 | L38: =IF(ISERROR(IF($K38="","",ROUND(($K38/$K$10)*$L$10,2))),"",IF($K38="","",ROUND(($K38/$K$10)*$L$10,2))) -> 90 | M38: =IF($L38="","",ROUND($L38*$M$10,2)) -> 18 | N38: 46 | O38: 49 | P38: 46 | Q38: =IF(COUNT($N38:$P38)=0,"",SUM($N38:$P38)) -> 141 | R38: =IF(ISERROR(IF($Q38="","",ROUND(($Q38/$Q$10)*$R$10,2))),"",IF($Q38="","",ROUND(($Q38/$Q$10)*$R$10,2))) -> 94 | S38: =IF($R38="","",ROUND($R38*$S$10,2)) -> 47 | T38: 33 | U38: 36 | V38: 34 | W38: =IF(COUNT($T38:$V38)=0,"",SUM($T38:$V38)) -> 103 | X38: =IF(ISERROR(IF($W38="","",ROUND(($W38/$W$10)*$X$10,2))),"",IF($W38="","",ROUND(($W38/$W$10)*$X$10,2))) -> 85.83 | Y38: =IF($X38="","",ROUND($X38*$Y$10,2)) -> 25.75 | Z38: =IF(ISERROR(IF($V38="","",ROUND(SUM($M38,$S38,$Y38),2))),"",IF($V38="","",ROUND(SUM($M38,$S38,$Y38),2))) -> 90.75 | AA38: =IF(ISERROR(IF($V38="","",VLOOKUP(Z38,NewTransmu,4,TRUE))),"",IF($V38="","",VLOOKUP(Z38,NewTransmu,4,TRUE))) -> 92 | AB38: =IF(ISERROR(IF(AA38="","",VLOOKUP(AA38,DESCRIPTORS,4,TRUE))),"",IF(AA38="","",VLOOKUP(AA38,DESCRIPTORS,4,TRUE))) -> Advancing | AV38: =(T38/$T$10)*100 -> 82.5 | AW38: =(U38/$U$10)*100 -> 90 | AX38: =(V38/$V$10)*100 -> 85
A39: 28 | B39: =INPUT!B39 -> Rivera, Noah | F39: 10 | G39: 12 | H39: 10 | I39: 10 | J39: 9 | K39: =IF(COUNT($F39:$J39)=0,"",SUM($F39:$J39)) -> 51 | L39: =IF(ISERROR(IF($K39="","",ROUND(($K39/$K$10)*$L$10,2))),"",IF($K39="","",ROUND(($K39/$K$10)*$L$10,2))) -> 51 | M39: =IF($L39="","",ROUND($L39*$M$10,2)) -> 10.2 | N39: 24 | O39: 25 | P39: 28 | Q39: =IF(COUNT($N39:$P39)=0,"",SUM($N39:$P39)) -> 77 | R39: =IF(ISERROR(IF($Q39="","",ROUND(($Q39/$Q$10)*$R$10,2))),"",IF($Q39="","",ROUND(($Q39/$Q$10)*$R$10,2))) -> 51.33 | S39: =IF($R39="","",ROUND($R39*$S$10,2)) -> 25.67 | T39: 18 | U39: 17 | V39: 18 | W39: =IF(COUNT($T39:$V39)=0,"",SUM($T39:$V39)) -> 53 | X39: =IF(ISERROR(IF($W39="","",ROUND(($W39/$W$10)*$X$10,2))),"",IF($W39="","",ROUND(($W39/$W$10)*$X$10,2))) -> 44.17 | Y39: =IF($X39="","",ROUND($X39*$Y$10,2)) -> 13.25 | Z39: =IF(ISERROR(IF($V39="","",ROUND(SUM($M39,$S39,$Y39),2))),"",IF($V39="","",ROUND(SUM($M39,$S39,$Y39),2))) -> 49.12 | AA39: =IF(ISERROR(IF($V39="","",VLOOKUP(Z39,NewTransmu,4,TRUE))),"",IF($V39="","",VLOOKUP(Z39,NewTransmu,4,TRUE))) -> 64 | AB39: =IF(ISERROR(IF(AA39="","",VLOOKUP(AA39,DESCRIPTORS,4,TRUE))),"",IF(AA39="","",VLOOKUP(AA39,DESCRIPTORS,4,TRUE))) -> Emerging | AV39: =(T39/$T$10)*100 -> 45 | AW39: =(U39/$U$10)*100 -> 42.5 | AX39: =(V39/$V$10)*100 -> 45
A40: 29 | B40: =INPUT!B40 -> Rosales, Oliver | F40: 17 | G40: 17 | H40: 17 | I40: 15 | J40: 17 | K40: =IF(COUNT($F40:$J40)=0,"",SUM($F40:$J40)) -> 83 | L40: =IF(ISERROR(IF($K40="","",ROUND(($K40/$K$10)*$L$10,2))),"",IF($K40="","",ROUND(($K40/$K$10)*$L$10,2))) -> 83 | M40: =IF($L40="","",ROUND($L40*$M$10,2)) -> 16.6 | N40: 42 | O40: 46 | P40: 43 | Q40: =IF(COUNT($N40:$P40)=0,"",SUM($N40:$P40)) -> 131 | R40: =IF(ISERROR(IF($Q40="","",ROUND(($Q40/$Q$10)*$R$10,2))),"",IF($Q40="","",ROUND(($Q40/$Q$10)*$R$10,2))) -> 87.33 | S40: =IF($R40="","",ROUND($R40*$S$10,2)) -> 43.67 | T40: 34 | U40: 34 | V40: 33 | W40: =IF(COUNT($T40:$V40)=0,"",SUM($T40:$V40)) -> 101 | X40: =IF(ISERROR(IF($W40="","",ROUND(($W40/$W$10)*$X$10,2))),"",IF($W40="","",ROUND(($W40/$W$10)*$X$10,2))) -> 84.17 | Y40: =IF($X40="","",ROUND($X40*$Y$10,2)) -> 25.25 | Z40: =IF(ISERROR(IF($V40="","",ROUND(SUM($M40,$S40,$Y40),2))),"",IF($V40="","",ROUND(SUM($M40,$S40,$Y40),2))) -> 85.52 | AA40: =IF(ISERROR(IF($V40="","",VLOOKUP(Z40,NewTransmu,4,TRUE))),"",IF($V40="","",VLOOKUP(Z40,NewTransmu,4,TRUE))) -> 87 | AB40: =IF(ISERROR(IF(AA40="","",VLOOKUP(AA40,DESCRIPTORS,4,TRUE))),"",IF(AA40="","",VLOOKUP(AA40,DESCRIPTORS,4,TRUE))) -> Benchmarking | AV40: =(T40/$T$10)*100 -> 85 | AW40: =(U40/$U$10)*100 -> 85 | AX40: =(V40/$V$10)*100 -> 82.5
A41: 30 | B41: =INPUT!B41 -> Salazar, Paolo | F41: 16 | G41: 18 | H41: 15 | I41: 17 | J41: 17 | K41: =IF(COUNT($F41:$J41)=0,"",SUM($F41:$J41)) -> 83 | L41: =IF(ISERROR(IF($K41="","",ROUND(($K41/$K$10)*$L$10,2))),"",IF($K41="","",ROUND(($K41/$K$10)*$L$10,2))) -> 83 | M41: =IF($L41="","",ROUND($L41*$M$10,2)) -> 16.6 | N41: 40 | O41: 42 | P41: 39 | Q41: =IF(COUNT($N41:$P41)=0,"",SUM($N41:$P41)) -> 121 | R41: =IF(ISERROR(IF($Q41="","",ROUND(($Q41/$Q$10)*$R$10,2))),"",IF($Q41="","",ROUND(($Q41/$Q$10)*$R$10,2))) -> 80.67 | S41: =IF($R41="","",ROUND($R41*$S$10,2)) -> 40.34 | T41: 33 | U41: 30 | V41: 32 | W41: =IF(COUNT($T41:$V41)=0,"",SUM($T41:$V41)) -> 95 | X41: =IF(ISERROR(IF($W41="","",ROUND(($W41/$W$10)*$X$10,2))),"",IF($W41="","",ROUND(($W41/$W$10)*$X$10,2))) -> 79.17 | Y41: =IF($X41="","",ROUND($X41*$Y$10,2)) -> 23.75 | Z41: =IF(ISERROR(IF($V41="","",ROUND(SUM($M41,$S41,$Y41),2))),"",IF($V41="","",ROUND(SUM($M41,$S41,$Y41),2))) -> 80.69 | AA41: =IF(ISERROR(IF($V41="","",VLOOKUP(Z41,NewTransmu,4,TRUE))),"",IF($V41="","",VLOOKUP(Z41,NewTransmu,4,TRUE))) -> 82 | AB41: =IF(ISERROR(IF(AA41="","",VLOOKUP(AA41,DESCRIPTORS,4,TRUE))),"",IF(AA41="","",VLOOKUP(AA41,DESCRIPTORS,4,TRUE))) -> Benchmarking | AV41: =(T41/$T$10)*100 -> 82.5 | AW41: =(U41/$U$10)*100 -> 75 | AX41: =(V41/$V$10)*100 -> 80
A42: 31 | B42: =INPUT!B42 -> Santiago, Patrick | F42: 18 | G42: 19 | H42: 20 | I42: 18 | J42: 19 | K42: =IF(COUNT($F42:$J42)=0,"",SUM($F42:$J42)) -> 94 | L42: =IF(ISERROR(IF($K42="","",ROUND(($K42/$K$10)*$L$10,2))),"",IF($K42="","",ROUND(($K42/$K$10)*$L$10,2))) -> 94 | M42: =IF($L42="","",ROUND($L42*$M$10,2)) -> 18.8 | N42: 47 | O42: 49 | P42: 49 | Q42: =IF(COUNT($N42:$P42)=0,"",SUM($N42:$P42)) -> 145 | R42: =IF(ISERROR(IF($Q42="","",ROUND(($Q42/$Q$10)*$R$10,2))),"",IF($Q42="","",ROUND(($Q42/$Q$10)*$R$10,2))) -> 96.67 | S42: =IF($R42="","",ROUND($R42*$S$10,2)) -> 48.34 | T42: 39 | U42: 39 | V42: 39 | W42: =IF(COUNT($T42:$V42)=0,"",SUM($T42:$V42)) -> 117 | X42: =IF(ISERROR(IF($W42="","",ROUND(($W42/$W$10)*$X$10,2))),"",IF($W42="","",ROUND(($W42/$W$10)*$X$10,2))) -> 97.5 | Y42: =IF($X42="","",ROUND($X42*$Y$10,2)) -> 29.25 | Z42: =IF(ISERROR(IF($V42="","",ROUND(SUM($M42,$S42,$Y42),2))),"",IF($V42="","",ROUND(SUM($M42,$S42,$Y42),2))) -> 96.39 | AA42: =IF(ISERROR(IF($V42="","",VLOOKUP(Z42,NewTransmu,4,TRUE))),"",IF($V42="","",VLOOKUP(Z42,NewTransmu,4,TRUE))) -> 98 | AB42: =IF(ISERROR(IF(AA42="","",VLOOKUP(AA42,DESCRIPTORS,4,TRUE))),"",IF(AA42="","",VLOOKUP(AA42,DESCRIPTORS,4,TRUE))) -> Advancing | AV42: =(T42/$T$10)*100 -> 97.5 | AW42: =(U42/$U$10)*100 -> 97.5 | AX42: =(V42/$V$10)*100 -> 97.5
A43: 32 | B43: =INPUT!B43 -> Santos, Rafael | F43: 18 | G43: 18 | H43: 18 | I43: 20 | J43: 19 | K43: =IF(COUNT($F43:$J43)=0,"",SUM($F43:$J43)) -> 93 | L43: =IF(ISERROR(IF($K43="","",ROUND(($K43/$K$10)*$L$10,2))),"",IF($K43="","",ROUND(($K43/$K$10)*$L$10,2))) -> 93 | M43: =IF($L43="","",ROUND($L43*$M$10,2)) -> 18.6 | N43: 50 | O43: 50 | P43: 46 | Q43: =IF(COUNT($N43:$P43)=0,"",SUM($N43:$P43)) -> 146 | R43: =IF(ISERROR(IF($Q43="","",ROUND(($Q43/$Q$10)*$R$10,2))),"",IF($Q43="","",ROUND(($Q43/$Q$10)*$R$10,2))) -> 97.33 | S43: =IF($R43="","",ROUND($R43*$S$10,2)) -> 48.67 | T43: 39 | U43: 35 | V43: 36 | W43: =IF(COUNT($T43:$V43)=0,"",SUM($T43:$V43)) -> 110 | X43: =IF(ISERROR(IF($W43="","",ROUND(($W43/$W$10)*$X$10,2))),"",IF($W43="","",ROUND(($W43/$W$10)*$X$10,2))) -> 91.67 | Y43: =IF($X43="","",ROUND($X43*$Y$10,2)) -> 27.5 | Z43: =IF(ISERROR(IF($V43="","",ROUND(SUM($M43,$S43,$Y43),2))),"",IF($V43="","",ROUND(SUM($M43,$S43,$Y43),2))) -> 94.77 | AA43: =IF(ISERROR(IF($V43="","",VLOOKUP(Z43,NewTransmu,4,TRUE))),"",IF($V43="","",VLOOKUP(Z43,NewTransmu,4,TRUE))) -> 96 | AB43: =IF(ISERROR(IF(AA43="","",VLOOKUP(AA43,DESCRIPTORS,4,TRUE))),"",IF(AA43="","",VLOOKUP(AA43,DESCRIPTORS,4,TRUE))) -> Advancing | AV43: =(T43/$T$10)*100 -> 97.5 | AW43: =(U43/$U$10)*100 -> 87.5 | AX43: =(V43/$V$10)*100 -> 90
A44: 33 | B44: =INPUT!B44 -> Soriano, Raymond | F44: 20 | G44: 19 | H44: 18 | I44: 18 | J44: 19 | K44: =IF(COUNT($F44:$J44)=0,"",SUM($F44:$J44)) -> 94 | L44: =IF(ISERROR(IF($K44="","",ROUND(($K44/$K$10)*$L$10,2))),"",IF($K44="","",ROUND(($K44/$K$10)*$L$10,2))) -> 94 | M44: =IF($L44="","",ROUND($L44*$M$10,2)) -> 18.8 | N44: 50 | O44: 50 | P44: 50 | Q44: =IF(COUNT($N44:$P44)=0,"",SUM($N44:$P44)) -> 150 | R44: =IF(ISERROR(IF($Q44="","",ROUND(($Q44/$Q$10)*$R$10,2))),"",IF($Q44="","",ROUND(($Q44/$Q$10)*$R$10,2))) -> 100 | S44: =IF($R44="","",ROUND($R44*$S$10,2)) -> 50 | T44: 35 | U44: 35 | V44: 35 | W44: =IF(COUNT($T44:$V44)=0,"",SUM($T44:$V44)) -> 105 | X44: =IF(ISERROR(IF($W44="","",ROUND(($W44/$W$10)*$X$10,2))),"",IF($W44="","",ROUND(($W44/$W$10)*$X$10,2))) -> 87.5 | Y44: =IF($X44="","",ROUND($X44*$Y$10,2)) -> 26.25 | Z44: =IF(ISERROR(IF($V44="","",ROUND(SUM($M44,$S44,$Y44),2))),"",IF($V44="","",ROUND(SUM($M44,$S44,$Y44),2))) -> 95.05 | AA44: =IF(ISERROR(IF($V44="","",VLOOKUP(Z44,NewTransmu,4,TRUE))),"",IF($V44="","",VLOOKUP(Z44,NewTransmu,4,TRUE))) -> 97 | AB44: =IF(ISERROR(IF(AA44="","",VLOOKUP(AA44,DESCRIPTORS,4,TRUE))),"",IF(AA44="","",VLOOKUP(AA44,DESCRIPTORS,4,TRUE))) -> Advancing | AV44: =(T44/$T$10)*100 -> 87.5 | AW44: =(U44/$U$10)*100 -> 87.5 | AX44: =(V44/$V$10)*100 -> 87.5
... A61: 50 | B61: =INPUT!B61 -> Escobar, Gian | F61: 17 | G61: 19 | H61: 17 | I61: 18 | J61: 18 | K61: =IF(COUNT($F61:$J61)=0,"",SUM($F61:$J61)) -> 89 | L61: =IF(ISERROR(IF($K61="","",ROUND(($K61/$K$10)*$L$10,2))),"",IF($K61="","",ROUND(($K61/$K$10)*$L$10,2))) -> 89 | M61: =IF($L61="","",ROUND($L61*$M$10,2)) -> 17.8 | N61: 47 | O61: 45 | P61: 43 | Q61: =IF(COUNT($N61:$P61)=0,"",SUM($N61:$P61)) -> 135 | R61: =IF(ISERROR(IF($Q61="","",ROUND(($Q61/$Q$10)*$R$10,2))),"",IF($Q61="","",ROUND(($Q61/$Q$10)*$R$10,2))) -> 90 | S61: =IF($R61="","",ROUND($R61*$S$10,2)) -> 45 | T61: 32 | U61: 35 | V61: 32 | W61: =IF(COUNT($T61:$V61)=0,"",SUM($T61:$V61)) -> 99 | X61: =IF(ISERROR(IF($W61="","",ROUND(($W61/$W$10)*$X$10,2))),"",IF($W61="","",ROUND(($W61/$W$10)*$X$10,2))) -> 82.5 | Y61: =IF($X61="","",ROUND($X61*$Y$10,2)) -> 24.75 | Z61: =IF(ISERROR(IF($V61="","",ROUND(SUM($M61,$S61,$Y61),2))),"",IF($V61="","",ROUND(SUM($M61,$S61,$Y61),2))) -> 87.55 | AA61: =IF(ISERROR(IF($V61="","",VLOOKUP(Z61,NewTransmu,4,TRUE))),"",IF($V61="","",VLOOKUP(Z61,NewTransmu,4,TRUE))) -> 89 | AB61: =IF(ISERROR(IF(AA61="","",VLOOKUP(AA61,DESCRIPTORS,4,TRUE))),"",IF(AA61="","",VLOOKUP(AA61,DESCRIPTORS,4,TRUE))) -> Benchmarking | AV61: =(T61/$T$10)*100 -> 80 | AW61: =(U61/$U$10)*100 -> 87.5 | AX61: =(V61/$V$10)*100 -> 80
B62: FEMALE | AV62: =(T62/$T$10)*100 -> 0 | AW62: =(U62/$U$10)*100 -> 0 | AX62: =(V62/$V$10)*100 -> 0
A63: 1 | B63: =INPUT!B63 -> Fernandez, Alyssa | F63: 20 | G63: 18 | H63: 19 | I63: 18 | J63: 18 | K63: =IF(COUNT($F63:$J63)=0,"",SUM($F63:$J63)) -> 93 | L63: =IF(ISERROR(IF($K63="","",ROUND(($K63/$K$10)*$L$10,2))),"",IF($K63="","",ROUND(($K63/$K$10)*$L$10,2))) -> 93 | M63: =IF($L63="","",ROUND($L63*$M$10,2)) -> 18.6 | N63: 47 | O63: 48 | P63: 49 | Q63: =IF(COUNT($N63:$P63)=0,"",SUM($N63:$P63)) -> 144 | R63: =IF(ISERROR(IF($Q63="","",ROUND(($Q63/$Q$10)*$R$10,2))),"",IF($Q63="","",ROUND(($Q63/$Q$10)*$R$10,2))) -> 96 | S63: =IF($R63="","",ROUND($R63*$S$10,2)) -> 48 | T63: 35 | U63: 37 | V63: 37 | W63: =IF(COUNT($T63:$V63)=0,"",SUM($T63:$V63)) -> 109 | X63: =IF(ISERROR(IF($W63="","",ROUND(($W63/$W$10)*$X$10,2))),"",IF($W63="","",ROUND(($W63/$W$10)*$X$10,2))) -> 90.83 | Y63: =IF($X63="","",ROUND($X63*$Y$10,2)) -> 27.25 | Z63: =IF(ISERROR(IF($V63="","",ROUND(SUM($M63,$S63,$Y63),2))),"",IF($V63="","",ROUND(SUM($M63,$S63,$Y63),2))) -> 93.85 | AA63: =IF(ISERROR(IF($V63="","",VLOOKUP(Z63,NewTransmu,4,TRUE))),"",IF($V63="","",VLOOKUP(Z63,NewTransmu,4,TRUE))) -> 95 | AB63: =IF(ISERROR(IF(AA63="","",VLOOKUP(AA63,DESCRIPTORS,4,TRUE))),"",IF(AA63="","",VLOOKUP(AA63,DESCRIPTORS,4,TRUE))) -> Advancing | AV63: =(T63/$T$10)*100 -> 87.5 | AW63: =(U63/$U$10)*100 -> 92.5 | AX63: =(V63/$V$10)*100 -> 92.5
A64: 2 | B64: =INPUT!B64 -> Garcia, Angela | F64: 18 | G64: 16 | H64: 18 | I64: 16 | J64: 17 | K64: =IF(COUNT($F64:$J64)=0,"",SUM($F64:$J64)) -> 85 | L64: =IF(ISERROR(IF($K64="","",ROUND(($K64/$K$10)*$L$10,2))),"",IF($K64="","",ROUND(($K64/$K$10)*$L$10,2))) -> 85 | M64: =IF($L64="","",ROUND($L64*$M$10,2)) -> 17 | N64: 43 | O64: 47 | P64: 44 | Q64: =IF(COUNT($N64:$P64)=0,"",SUM($N64:$P64)) -> 134 | R64: =IF(ISERROR(IF($Q64="","",ROUND(($Q64/$Q$10)*$R$10,2))),"",IF($Q64="","",ROUND(($Q64/$Q$10)*$R$10,2))) -> 89.33 | S64: =IF($R64="","",ROUND($R64*$S$10,2)) -> 44.67 | T64: 31 | U64: 35 | V64: 31 | W64: =IF(COUNT($T64:$V64)=0,"",SUM($T64:$V64)) -> 97 | X64: =IF(ISERROR(IF($W64="","",ROUND(($W64/$W$10)*$X$10,2))),"",IF($W64="","",ROUND(($W64/$W$10)*$X$10,2))) -> 80.83 | Y64: =IF($X64="","",ROUND($X64*$Y$10,2)) -> 24.25 | Z64: =IF(ISERROR(IF($V64="","",ROUND(SUM($M64,$S64,$Y64),2))),"",IF($V64="","",ROUND(SUM($M64,$S64,$Y64),2))) -> 85.92 | AA64: =IF(ISERROR(IF($V64="","",VLOOKUP(Z64,NewTransmu,4,TRUE))),"",IF($V64="","",VLOOKUP(Z64,NewTransmu,4,TRUE))) -> 87 | AB64: =IF(ISERROR(IF(AA64="","",VLOOKUP(AA64,DESCRIPTORS,4,TRUE))),"",IF(AA64="","",VLOOKUP(AA64,DESCRIPTORS,4,TRUE))) -> Benchmarking | AV64: =(T64/$T$10)*100 -> 77.5 | AW64: =(U64/$U$10)*100 -> 87.5 | AX64: =(V64/$V$10)*100 -> 77.5
A65: 3 | B65: =INPUT!B65 -> Gonzales, Bea | F65: 17 | G65: 17 | H65: 15 | I65: 17 | J65: 17 | K65: =IF(COUNT($F65:$J65)=0,"",SUM($F65:$J65)) -> 83 | L65: =IF(ISERROR(IF($K65="","",ROUND(($K65/$K$10)*$L$10,2))),"",IF($K65="","",ROUND(($K65/$K$10)*$L$10,2))) -> 83 | M65: =IF($L65="","",ROUND($L65*$M$10,2)) -> 16.6 | N65: 44 | O65: 40 | P65: 42 | Q65: =IF(COUNT($N65:$P65)=0,"",SUM($N65:$P65)) -> 126 | R65: =IF(ISERROR(IF($Q65="","",ROUND(($Q65/$Q$10)*$R$10,2))),"",IF($Q65="","",ROUND(($Q65/$Q$10)*$R$10,2))) -> 84 | S65: =IF($R65="","",ROUND($R65*$S$10,2)) -> 42 | T65: 28 | U65: 33 | V65: 30 | W65: =IF(COUNT($T65:$V65)=0,"",SUM($T65:$V65)) -> 91 | X65: =IF(ISERROR(IF($W65="","",ROUND(($W65/$W$10)*$X$10,2))),"",IF($W65="","",ROUND(($W65/$W$10)*$X$10,2))) -> 75.83 | Y65: =IF($X65="","",ROUND($X65*$Y$10,2)) -> 22.75 | Z65: =IF(ISERROR(IF($V65="","",ROUND(SUM($M65,$S65,$Y65),2))),"",IF($V65="","",ROUND(SUM($M65,$S65,$Y65),2))) -> 81.35 | AA65: =IF(ISERROR(IF($V65="","",VLOOKUP(Z65,NewTransmu,4,TRUE))),"",IF($V65="","",VLOOKUP(Z65,NewTransmu,4,TRUE))) -> 83 | AB65: =IF(ISERROR(IF(AA65="","",VLOOKUP(AA65,DESCRIPTORS,4,TRUE))),"",IF(AA65="","",VLOOKUP(AA65,DESCRIPTORS,4,TRUE))) -> Benchmarking | AV65: =(T65/$T$10)*100 -> 70 | AW65: =(U65/$U$10)*100 -> 82.5 | AX65: =(V65/$V$10)*100 -> 75
A66: 4 | B66: =INPUT!B66 -> Hernandez, Bianca | F66: 18 | G66: 18 | H66: 19 | I66: 18 | J66: 17 | K66: =IF(COUNT($F66:$J66)=0,"",SUM($F66:$J66)) -> 90 | L66: =IF(ISERROR(IF($K66="","",ROUND(($K66/$K$10)*$L$10,2))),"",IF($K66="","",ROUND(($K66/$K$10)*$L$10,2))) -> 90 | M66: =IF($L66="","",ROUND($L66*$M$10,2)) -> 18 | N66: 47 | O66: 49 | P66: 43 | Q66: =IF(COUNT($N66:$P66)=0,"",SUM($N66:$P66)) -> 139 | R66: =IF(ISERROR(IF($Q66="","",ROUND(($Q66/$Q$10)*$R$10,2))),"",IF($Q66="","",ROUND(($Q66/$Q$10)*$R$10,2))) -> 92.67 | S66: =IF($R66="","",ROUND($R66*$S$10,2)) -> 46.34 | T66: 33 | U66: 34 | V66: 36 | W66: =IF(COUNT($T66:$V66)=0,"",SUM($T66:$V66)) -> 103 | X66: =IF(ISERROR(IF($W66="","",ROUND(($W66/$W$10)*$X$10,2))),"",IF($W66="","",ROUND(($W66/$W$10)*$X$10,2))) -> 85.83 | Y66: =IF($X66="","",ROUND($X66*$Y$10,2)) -> 25.75 | Z66: =IF(ISERROR(IF($V66="","",ROUND(SUM($M66,$S66,$Y66),2))),"",IF($V66="","",ROUND(SUM($M66,$S66,$Y66),2))) -> 90.09 | AA66: =IF(ISERROR(IF($V66="","",VLOOKUP(Z66,NewTransmu,4,TRUE))),"",IF($V66="","",VLOOKUP(Z66,NewTransmu,4,TRUE))) -> 92 | AB66: =IF(ISERROR(IF(AA66="","",VLOOKUP(AA66,DESCRIPTORS,4,TRUE))),"",IF(AA66="","",VLOOKUP(AA66,DESCRIPTORS,4,TRUE))) -> Advancing | AV66: =(T66/$T$10)*100 -> 82.5 | AW66: =(U66/$U$10)*100 -> 85 | AX66: =(V66/$V$10)*100 -> 90
A67: 5 | B67: =INPUT!B67 -> Ilagan, Camille | F67: 18 | G67: 19 | H67: 20 | I67: 19 | J67: 20 | K67: =IF(COUNT($F67:$J67)=0,"",SUM($F67:$J67)) -> 96 | L67: =IF(ISERROR(IF($K67="","",ROUND(($K67/$K$10)*$L$10,2))),"",IF($K67="","",ROUND(($K67/$K$10)*$L$10,2))) -> 96 | M67: =IF($L67="","",ROUND($L67*$M$10,2)) -> 19.2 | N67: 50 | O67: 49 | P67: 47 | Q67: =IF(COUNT($N67:$P67)=0,"",SUM($N67:$P67)) -> 146 | R67: =IF(ISERROR(IF($Q67="","",ROUND(($Q67/$Q$10)*$R$10,2))),"",IF($Q67="","",ROUND(($Q67/$Q$10)*$R$10,2))) -> 97.33 | S67: =IF($R67="","",ROUND($R67*$S$10,2)) -> 48.67 | T67: 35 | U67: 39 | V67: 37 | W67: =IF(COUNT($T67:$V67)=0,"",SUM($T67:$V67)) -> 111 | X67: =IF(ISERROR(IF($W67="","",ROUND(($W67/$W$10)*$X$10,2))),"",IF($W67="","",ROUND(($W67/$W$10)*$X$10,2))) -> 92.5 | Y67: =IF($X67="","",ROUND($X67*$Y$10,2)) -> 27.75 | Z67: =IF(ISERROR(IF($V67="","",ROUND(SUM($M67,$S67,$Y67),2))),"",IF($V67="","",ROUND(SUM($M67,$S67,$Y67),2))) -> 95.62 | AA67: =IF(ISERROR(IF($V67="","",VLOOKUP(Z67,NewTransmu,4,TRUE))),"",IF($V67="","",VLOOKUP(Z67,NewTransmu,4,TRUE))) -> 97 | AB67: =IF(ISERROR(IF(AA67="","",VLOOKUP(AA67,DESCRIPTORS,4,TRUE))),"",IF(AA67="","",VLOOKUP(AA67,DESCRIPTORS,4,TRUE))) -> Advancing | AV67: =(T67/$T$10)*100 -> 87.5 | AW67: =(U67/$U$10)*100 -> 97.5 | AX67: =(V67/$V$10)*100 -> 92.5
A68: 6 | B68: =INPUT!B68 -> Jimenez, Carla | F68: 18 | G68: 18 | H68: 19 | I68: 19 | J68: 19 | K68: =IF(COUNT($F68:$J68)=0,"",SUM($F68:$J68)) -> 93 | L68: =IF(ISERROR(IF($K68="","",ROUND(($K68/$K$10)*$L$10,2))),"",IF($K68="","",ROUND(($K68/$K$10)*$L$10,2))) -> 93 | M68: =IF($L68="","",ROUND($L68*$M$10,2)) -> 18.6 | N68: 50 | O68: 45 | P68: 49 | Q68: =IF(COUNT($N68:$P68)=0,"",SUM($N68:$P68)) -> 144 | R68: =IF(ISERROR(IF($Q68="","",ROUND(($Q68/$Q$10)*$R$10,2))),"",IF($Q68="","",ROUND(($Q68/$Q$10)*$R$10,2))) -> 96 | S68: =IF($R68="","",ROUND($R68*$S$10,2)) -> 48 | T68: 37 | U68: 35 | V68: 37 | W68: =IF(COUNT($T68:$V68)=0,"",SUM($T68:$V68)) -> 109 | X68: =IF(ISERROR(IF($W68="","",ROUND(($W68/$W$10)*$X$10,2))),"",IF($W68="","",ROUND(($W68/$W$10)*$X$10,2))) -> 90.83 | Y68: =IF($X68="","",ROUND($X68*$Y$10,2)) -> 27.25 | Z68: =IF(ISERROR(IF($V68="","",ROUND(SUM($M68,$S68,$Y68),2))),"",IF($V68="","",ROUND(SUM($M68,$S68,$Y68),2))) -> 93.85 | AA68: =IF(ISERROR(IF($V68="","",VLOOKUP(Z68,NewTransmu,4,TRUE))),"",IF($V68="","",VLOOKUP(Z68,NewTransmu,4,TRUE))) -> 95 | AB68: =IF(ISERROR(IF(AA68="","",VLOOKUP(AA68,DESCRIPTORS,4,TRUE))),"",IF(AA68="","",VLOOKUP(AA68,DESCRIPTORS,4,TRUE))) -> Advancing | AV68: =(T68/$T$10)*100 -> 92.5 | AW68: =(U68/$U$10)*100 -> 87.5 | AX68: =(V68/$V$10)*100 -> 92.5
A69: 7 | B69: =INPUT!B69 -> Lacson, Chloe | F69: 14 | G69: 16 | H69: 14 | I69: 16 | J69: 16 | K69: =IF(COUNT($F69:$J69)=0,"",SUM($F69:$J69)) -> 76 | L69: =IF(ISERROR(IF($K69="","",ROUND(($K69/$K$10)*$L$10,2))),"",IF($K69="","",ROUND(($K69/$K$10)*$L$10,2))) -> 76 | M69: =IF($L69="","",ROUND($L69*$M$10,2)) -> 15.2 | N69: 41 | O69: 41 | P69: 40 | Q69: =IF(COUNT($N69:$P69)=0,"",SUM($N69:$P69)) -> 122 | R69: =IF(ISERROR(IF($Q69="","",ROUND(($Q69/$Q$10)*$R$10,2))),"",IF($Q69="","",ROUND(($Q69/$Q$10)*$R$10,2))) -> 81.33 | S69: =IF($R69="","",ROUND($R69*$S$10,2)) -> 40.67 | T69: 28 | U69: 29 | V69: 31 | W69: =IF(COUNT($T69:$V69)=0,"",SUM($T69:$V69)) -> 88 | X69: =IF(ISERROR(IF($W69="","",ROUND(($W69/$W$10)*$X$10,2))),"",IF($W69="","",ROUND(($W69/$W$10)*$X$10,2))) -> 73.33 | Y69: =IF($X69="","",ROUND($X69*$Y$10,2)) -> 22 | Z69: =IF(ISERROR(IF($V69="","",ROUND(SUM($M69,$S69,$Y69),2))),"",IF($V69="","",ROUND(SUM($M69,$S69,$Y69),2))) -> 77.87 | AA69: =IF(ISERROR(IF($V69="","",VLOOKUP(Z69,NewTransmu,4,TRUE))),"",IF($V69="","",VLOOKUP(Z69,NewTransmu,4,TRUE))) -> 79 | AB69: =IF(ISERROR(IF(AA69="","",VLOOKUP(AA69,DESCRIPTORS,4,TRUE))),"",IF(AA69="","",VLOOKUP(AA69,DESCRIPTORS,4,TRUE))) -> Connecting | AV69: =(T69/$T$10)*100 -> 70 | AW69: =(U69/$U$10)*100 -> 72.5 | AX69: =(V69/$V$10)*100 -> 77.5
A70: 8 | B70: =INPUT!B70 -> Lim, Clarisse | F70: 18 | G70: 19 | H70: 20 | I70: 19 | J70: 18 | K70: =IF(COUNT($F70:$J70)=0,"",SUM($F70:$J70)) -> 94 | L70: =IF(ISERROR(IF($K70="","",ROUND(($K70/$K$10)*$L$10,2))),"",IF($K70="","",ROUND(($K70/$K$10)*$L$10,2))) -> 94 | M70: =IF($L70="","",ROUND($L70*$M$10,2)) -> 18.8 | N70: 47 | O70: 49 | P70: 47 | Q70: =IF(COUNT($N70:$P70)=0,"",SUM($N70:$P70)) -> 143 | R70: =IF(ISERROR(IF($Q70="","",ROUND(($Q70/$Q$10)*$R$10,2))),"",IF($Q70="","",ROUND(($Q70/$Q$10)*$R$10,2))) -> 95.33 | S70: =IF($R70="","",ROUND($R70*$S$10,2)) -> 47.67 | T70: 38 | U70: 35 | V70: 36 | W70: =IF(COUNT($T70:$V70)=0,"",SUM($T70:$V70)) -> 109 | X70: =IF(ISERROR(IF($W70="","",ROUND(($W70/$W$10)*$X$10,2))),"",IF($W70="","",ROUND(($W70/$W$10)*$X$10,2))) -> 90.83 | Y70: =IF($X70="","",ROUND($X70*$Y$10,2)) -> 27.25 | Z70: =IF(ISERROR(IF($V70="","",ROUND(SUM($M70,$S70,$Y70),2))),"",IF($V70="","",ROUND(SUM($M70,$S70,$Y70),2))) -> 93.72 | AA70: =IF(ISERROR(IF($V70="","",VLOOKUP(Z70,NewTransmu,4,TRUE))),"",IF($V70="","",VLOOKUP(Z70,NewTransmu,4,TRUE))) -> 95 | AB70: =IF(ISERROR(IF(AA70="","",VLOOKUP(AA70,DESCRIPTORS,4,TRUE))),"",IF(AA70="","",VLOOKUP(AA70,DESCRIPTORS,4,TRUE))) -> Advancing | AV70: =(T70/$T$10)*100 -> 95 | AW70: =(U70/$U$10)*100 -> 87.5 | AX70: =(V70/$V$10)*100 -> 90
A71: 9 | B71: =INPUT!B71 -> Manalo, Danica | F71: 15 | G71: 14 | H71: 15 | I71: 16 | J71: 16 | K71: =IF(COUNT($F71:$J71)=0,"",SUM($F71:$J71)) -> 76 | L71: =IF(ISERROR(IF($K71="","",ROUND(($K71/$K$10)*$L$10,2))),"",IF($K71="","",ROUND(($K71/$K$10)*$L$10,2))) -> 76 | M71: =IF($L71="","",ROUND($L71*$M$10,2)) -> 15.2 | N71: 38 | O71: 40 | P71: 37 | Q71: =IF(COUNT($N71:$P71)=0,"",SUM($N71:$P71)) -> 115 | R71: =IF(ISERROR(IF($Q71="","",ROUND(($Q71/$Q$10)*$R$10,2))),"",IF($Q71="","",ROUND(($Q71/$Q$10)*$R$10,2))) -> 76.67 | S71: =IF($R71="","",ROUND($R71*$S$10,2)) -> 38.34 | T71: 26 | U71: 28 | V71: 25 | W71: =IF(COUNT($T71:$V71)=0,"",SUM($T71:$V71)) -> 79 | X71: =IF(ISERROR(IF($W71="","",ROUND(($W71/$W$10)*$X$10,2))),"",IF($W71="","",ROUND(($W71/$W$10)*$X$10,2))) -> 65.83 | Y71: =IF($X71="","",ROUND($X71*$Y$10,2)) -> 19.75 | Z71: =IF(ISERROR(IF($V71="","",ROUND(SUM($M71,$S71,$Y71),2))),"",IF($V71="","",ROUND(SUM($M71,$S71,$Y71),2))) -> 73.29 | AA71: =IF(ISERROR(IF($V71="","",VLOOKUP(Z71,NewTransmu,4,TRUE))),"",IF($V71="","",VLOOKUP(Z71,NewTransmu,4,TRUE))) -> 76 | AB71: =IF(ISERROR(IF(AA71="","",VLOOKUP(AA71,DESCRIPTORS,4,TRUE))),"",IF(AA71="","",VLOOKUP(AA71,DESCRIPTORS,4,TRUE))) -> Connecting | AV71: =(T71/$T$10)*100 -> 65 | AW71: =(U71/$U$10)*100 -> 70 | AX71: =(V71/$V$10)*100 -> 62.5
A72: 10 | B72: =INPUT!B72 -> Mendoza, Diana | F72: 17 | G72: 18 | H72: 18 | I72: 18 | J72: 18 | K72: =IF(COUNT($F72:$J72)=0,"",SUM($F72:$J72)) -> 89 | L72: =IF(ISERROR(IF($K72="","",ROUND(($K72/$K$10)*$L$10,2))),"",IF($K72="","",ROUND(($K72/$K$10)*$L$10,2))) -> 89 | M72: =IF($L72="","",ROUND($L72*$M$10,2)) -> 17.8 | N72: 47 | O72: 48 | P72: 48 | Q72: =IF(COUNT($N72:$P72)=0,"",SUM($N72:$P72)) -> 143 | R72: =IF(ISERROR(IF($Q72="","",ROUND(($Q72/$Q$10)*$R$10,2))),"",IF($Q72="","",ROUND(($Q72/$Q$10)*$R$10,2))) -> 95.33 | S72: =IF($R72="","",ROUND($R72*$S$10,2)) -> 47.67 | T72: 32 | U72: 32 | V72: 33 | W72: =IF(COUNT($T72:$V72)=0,"",SUM($T72:$V72)) -> 97 | X72: =IF(ISERROR(IF($W72="","",ROUND(($W72/$W$10)*$X$10,2))),"",IF($W72="","",ROUND(($W72/$W$10)*$X$10,2))) -> 80.83 | Y72: =IF($X72="","",ROUND($X72*$Y$10,2)) -> 24.25 | Z72: =IF(ISERROR(IF($V72="","",ROUND(SUM($M72,$S72,$Y72),2))),"",IF($V72="","",ROUND(SUM($M72,$S72,$Y72),2))) -> 89.72 | AA72: =IF(ISERROR(IF($V72="","",VLOOKUP(Z72,NewTransmu,4,TRUE))),"",IF($V72="","",VLOOKUP(Z72,NewTransmu,4,TRUE))) -> 91 | AB72: =IF(ISERROR(IF(AA72="","",VLOOKUP(AA72,DESCRIPTORS,4,TRUE))),"",IF(AA72="","",VLOOKUP(AA72,DESCRIPTORS,4,TRUE))) -> Advancing | AV72: =(T72/$T$10)*100 -> 80 | AW72: =(U72/$U$10)*100 -> 80 | AX72: =(V72/$V$10)*100 -> 82.5
A73: 11 | B73: =INPUT!B73 -> Navarro, Elena | F73: 17 | G73: 18 | H73: 18 | I73: 17 | J73: 16 | K73: =IF(COUNT($F73:$J73)=0,"",SUM($F73:$J73)) -> 86 | L73: =IF(ISERROR(IF($K73="","",ROUND(($K73/$K$10)*$L$10,2))),"",IF($K73="","",ROUND(($K73/$K$10)*$L$10,2))) -> 86 | M73: =IF($L73="","",ROUND($L73*$M$10,2)) -> 17.2 | N73: 48 | O73: 42 | P73: 45 | Q73: =IF(COUNT($N73:$P73)=0,"",SUM($N73:$P73)) -> 135 | R73: =IF(ISERROR(IF($Q73="","",ROUND(($Q73/$Q$10)*$R$10,2))),"",IF($Q73="","",ROUND(($Q73/$Q$10)*$R$10,2))) -> 90 | S73: =IF($R73="","",ROUND($R73*$S$10,2)) -> 45 | T73: 31 | U73: 34 | V73: 35 | W73: =IF(COUNT($T73:$V73)=0,"",SUM($T73:$V73)) -> 100 | X73: =IF(ISERROR(IF($W73="","",ROUND(($W73/$W$10)*$X$10,2))),"",IF($W73="","",ROUND(($W73/$W$10)*$X$10,2))) -> 83.33 | Y73: =IF($X73="","",ROUND($X73*$Y$10,2)) -> 25 | Z73: =IF(ISERROR(IF($V73="","",ROUND(SUM($M73,$S73,$Y73),2))),"",IF($V73="","",ROUND(SUM($M73,$S73,$Y73),2))) -> 87.2 | AA73: =IF(ISERROR(IF($V73="","",VLOOKUP(Z73,NewTransmu,4,TRUE))),"",IF($V73="","",VLOOKUP(Z73,NewTransmu,4,TRUE))) -> 89 | AB73: =IF(ISERROR(IF(AA73="","",VLOOKUP(AA73,DESCRIPTORS,4,TRUE))),"",IF(AA73="","",VLOOKUP(AA73,DESCRIPTORS,4,TRUE))) -> Benchmarking | AV73: =(T73/$T$10)*100 -> 77.5 | AW73: =(U73/$U$10)*100 -> 85 | AX73: =(V73/$V$10)*100 -> 87.5
A74: 12 | B74: =INPUT!B74 -> Ocampo, Ella | F74: 15 | G74: 17 | H74: 16 | I74: 17 | J74: 16 | K74: =IF(COUNT($F74:$J74)=0,"",SUM($F74:$J74)) -> 81 | L74: =IF(ISERROR(IF($K74="","",ROUND(($K74/$K$10)*$L$10,2))),"",IF($K74="","",ROUND(($K74/$K$10)*$L$10,2))) -> 81 | M74: =IF($L74="","",ROUND($L74*$M$10,2)) -> 16.2 | N74: 41 | O74: 41 | P74: 42 | Q74: =IF(COUNT($N74:$P74)=0,"",SUM($N74:$P74)) -> 124 | R74: =IF(ISERROR(IF($Q74="","",ROUND(($Q74/$Q$10)*$R$10,2))),"",IF($Q74="","",ROUND(($Q74/$Q$10)*$R$10,2))) -> 82.67 | S74: =IF($R74="","",ROUND($R74*$S$10,2)) -> 41.34 | T74: 29 | U74: 30 | V74: 34 | W74: =IF(COUNT($T74:$V74)=0,"",SUM($T74:$V74)) -> 93 | X74: =IF(ISERROR(IF($W74="","",ROUND(($W74/$W$10)*$X$10,2))),"",IF($W74="","",ROUND(($W74/$W$10)*$X$10,2))) -> 77.5 | Y74: =IF($X74="","",ROUND($X74*$Y$10,2)) -> 23.25 | Z74: =IF(ISERROR(IF($V74="","",ROUND(SUM($M74,$S74,$Y74),2))),"",IF($V74="","",ROUND(SUM($M74,$S74,$Y74),2))) -> 80.79 | AA74: =IF(ISERROR(IF($V74="","",VLOOKUP(Z74,NewTransmu,4,TRUE))),"",IF($V74="","",VLOOKUP(Z74,NewTransmu,4,TRUE))) -> 82 | AB74: =IF(ISERROR(IF(AA74="","",VLOOKUP(AA74,DESCRIPTORS,4,TRUE))),"",IF(AA74="","",VLOOKUP(AA74,DESCRIPTORS,4,TRUE))) -> Benchmarking | AV74: =(T74/$T$10)*100 -> 72.5 | AW74: =(U74/$U$10)*100 -> 75 | AX74: =(V74/$V$10)*100 -> 85
... A112: 50 | B112: =INPUT!B112 -> Evangelista, Danielle | F112: 16 | G112: 15 | H112: 15 | I112: 15 | J112: 15 | K112: =IF(COUNT($F112:$J112)=0,"",SUM($F112:$J112)) -> 76 | L112: =IF(ISERROR(IF($K112="","",ROUND(($K112/$K$10)*$L$10,2))),"",IF($K112="","",ROUND(($K112/$K$10)*$L$10,2))) -> 76 | M112: =IF($L112="","",ROUND($L112*$M$10,2)) -> 15.2 | N112: 39 | O112: 45 | P112: 40 | Q112: =IF(COUNT($N112:$P112)=0,"",SUM($N112:$P112)) -> 124 | R112: =IF(ISERROR(IF($Q112="","",ROUND(($Q112/$Q$10)*$R$10,2))),"",IF($Q112="","",ROUND(($Q112/$Q$10)*$R$10,2))) -> 82.67 | S112: =IF($R112="","",ROUND($R112*$S$10,2)) -> 41.34 | T112: 30 | U112: 31 | V112: 28 | W112: =IF(COUNT($T112:$V112)=0,"",SUM($T112:$V112)) -> 89 | X112: =IF(ISERROR(IF($W112="","",ROUND(($W112/$W$10)*$X$10,2))),"",IF($W112="","",ROUND(($W112/$W$10)*$X$10,2))) -> 74.17 | Y112: =IF($X112="","",ROUND($X112*$Y$10,2)) -> 22.25 | Z112: =IF(ISERROR(IF($V112="","",ROUND(SUM($M112,$S112,$Y112),2))),"",IF($V112="","",ROUND(SUM($M112,$S112,$Y112),2))) -> 78.79 | AA112: =IF(ISERROR(IF($V112="","",VLOOKUP(Z112,NewTransmu,4,TRUE))),"",IF($V112="","",VLOOKUP(Z112,NewTransmu,4,TRUE))) -> 80 | AB112: =IF(ISERROR(IF(AA112="","",VLOOKUP(AA112,DESCRIPTORS,4,TRUE))),"",IF(AA112="","",VLOOKUP(AA112,DESCRIPTORS,4,TRUE))) -> Benchmarking | AV112: =(T112/$T$10)*100 -> 75 | AW112: =(U112/$U$10)*100 -> 77.5 | AX112: =(V112/$V$10)*100 -> 70

Sheet SUMMARY OF GRADES
A1: Summary of Quarterly Grades
B5: REGION | G5: =INPUT!G4 -> Region IV-A (CALABARZON) | L5: DIVISION | O5: =INPUT!L4 -> Schools Division of Quezon
B6: SCHOOL NAME | G6: =INPUT!G5 -> Atimonan Central School Annex | S6: SCHOOL ID | W6: =INPUT!S5 -> 108511
B8: LEARNERS' NAMES | F8: GRADE & SECTION: | K8: =INPUT!J7 -> Grade 6 - Rizal | S8: SCHOOL YEAR: | W8: =INPUT!Y5 -> 2025-2026
F9: TEACHER: | K9: =INPUT!Q7 -> Jose Miguel Reyes | S9: SUBJECT: | W9: =INPUT!Y7 -> Araling Panlipunan
F10: TERM 1 | J10: TERM 2 | N10: TERM 3 | R10: FINAL GRADE | V10: DESCRIPTOR | Z10: REMARK
B12: MALE
A13: 1 | B13: =INPUT!B12 -> Aguilar, Adrian | F13: =TERM1!AA12 -> 97 | J13: =TERM2!AA12 -> 93 | N13: =TERM3!AA12 -> 92 | R13: =IF(OR(F13="",J13="",N13=""),"",IF(ISERROR(ROUND(AVERAGE(F13,J13,N13),0)),"",ROUND(AVERAGE(F13,J13,N13),0))) -> 94 | V13: =IF(ISERROR(IF(R13="","",VLOOKUP(R13,DESCRIPTORS,4,TRUE))),"",IF(R13="","",VLOOKUP(R13,DESCRIPTORS,4,TRUE))) -> Advancing | Z13: =IF(OR($F13="",$J13="",$N13="",$R13=""),"",IF($R13>=75,"PASSED","FAILED")) -> PASSED
A14: 2 | B14: =INPUT!B13 -> Alcantara, Angelo | F14: =TERM1!AA13 -> 97 | J14: =TERM2!AA13 -> 98 | N14: =TERM3!AA13 -> 98 | R14: =IF(OR(F14="",J14="",N14=""),"",IF(ISERROR(ROUND(AVERAGE(F14,J14,N14),0)),"",ROUND(AVERAGE(F14,J14,N14),0))) -> 98 | V14: =IF(ISERROR(IF(R14="","",VLOOKUP(R14,DESCRIPTORS,4,TRUE))),"",IF(R14="","",VLOOKUP(R14,DESCRIPTORS,4,TRUE))) -> Advancing | Z14: =IF(OR($F14="",$J14="",$N14="",$R14=""),"",IF($R14>=75,"PASSED","FAILED")) -> PASSED
A15: 3 | B15: =INPUT!B14 -> Andrada, Anton | F15: =TERM1!AA14 -> 79 | J15: =TERM2!AA14 -> 85 | N15: =TERM3!AA14 -> 85 | R15: =IF(OR(F15="",J15="",N15=""),"",IF(ISERROR(ROUND(AVERAGE(F15,J15,N15),0)),"",ROUND(AVERAGE(F15,J15,N15),0))) -> 83 | V15: =IF(ISERROR(IF(R15="","",VLOOKUP(R15,DESCRIPTORS,4,TRUE))),"",IF(R15="","",VLOOKUP(R15,DESCRIPTORS,4,TRUE))) -> Benchmarking | Z15: =IF(OR($F15="",$J15="",$N15="",$R15=""),"",IF($R15>=75,"PASSED","FAILED")) -> PASSED
A16: 4 | B16: =INPUT!B15 -> Bautista, Bryan | F16: =TERM1!AA15 -> 74 | J16: =TERM2!AA15 -> 78 | N16: =TERM3!AA15 -> 76 | R16: =IF(OR(F16="",J16="",N16=""),"",IF(ISERROR(ROUND(AVERAGE(F16,J16,N16),0)),"",ROUND(AVERAGE(F16,J16,N16),0))) -> 76 | V16: =IF(ISERROR(IF(R16="","",VLOOKUP(R16,DESCRIPTORS,4,TRUE))),"",IF(R16="","",VLOOKUP(R16,DESCRIPTORS,4,TRUE))) -> Connecting | Z16: =IF(OR($F16="",$J16="",$N16="",$R16=""),"",IF($R16>=75,"PASSED","FAILED")) -> PASSED
A17: 5 | B17: =INPUT!B16 -> Bernardo, Caleb | F17: =TERM1!AA16 -> 96 | J17: =TERM2!AA16 -> 99 | N17: =TERM3!AA16 -> 98 | R17: =IF(OR(F17="",J17="",N17=""),"",IF(ISERROR(ROUND(AVERAGE(F17,J17,N17),0)),"",ROUND(AVERAGE(F17,J17,N17),0))) -> 98 | V17: =IF(ISERROR(IF(R17="","",VLOOKUP(R17,DESCRIPTORS,4,TRUE))),"",IF(R17="","",VLOOKUP(R17,DESCRIPTORS,4,TRUE))) -> Advancing | Z17: =IF(OR($F17="",$J17="",$N17="",$R17=""),"",IF($R17>=75,"PASSED","FAILED")) -> PASSED
