Workbook

Sheet Instructions
A1: EduCheck - User Acceptance Test Cases
A2: Formal testing and UAT, ISO/IEC 25010. Read 03-Testing/EduCheck_Known_Limitations.md first: items listed there are not defects.
A4: Test session
A5: Tester name(s)
A6: Date(s) tested
A7: Server address (web)
A8: Web browser(s) and version
A9: Android phone model / version
A10: Build / commit tested
A12: How to fill in
A13: 1. | B13: Yellow cells are the only cells to fill in. All other cells are the test design; do not change them.
A14: 2. | B14: Run each case in the Test Cases sheet in order. Follow the Steps exactly and compare with Expected Result.
A15: 3. | B15: Actual Result: write what really happened, in a few words (or the time taken for performance cases).
A16: 4. | B16: Status: choose Pass, Fail, Blocked (could not run because of another problem) or Not Run.
A17: 5. | B17: For every Fail, add a row in the Defect Log and put its Defect ID on the test case.
A18: 6. | B18: The Summary sheet counts results automatically.
A20: Example of a filled-in test case
A21: Field | B21: Example value
A22: TC ID | B22: TC-002
A23: Actual Result | B23: Login failed; message "Invalid username or password." shown.
A24: Status | B24: Pass
A25: Tester | B25: J. Dela Cruz
A26: Date | B26: 2026-10-15
A27: Defect ID | B27: (blank - only for Fail)
A28: Remarks | B28: Chrome 141
A30: Test accounts
A31: Username | B31: Role | C31: Password (fill in; do not share outside the team) | D31: Notes
A32: admin.educheck | B32: Admin | D32: Reviews and approves records; manages users.
A33: adviser.grade6a | B33: Adviser | D33: Adviser of Rizal (Grade 6, Self-Contained).
A34: subject.grade6a | B34: Subject Teacher | D34: Uploads e-class records.
A35: principal.educheck | B35: Principal | D35: View-only.
A37: Test data
A38: Sections | B38: Rizal (Grade 6, Self-Contained, 100 learners). Mabini (Grade 3, Departmentalized, 5 learners LRN 300000000001-005, no Class Adviser). School year 2025-2026. Pending Approval at start: LRN 100000000004-015. Incomplete (no TLE grade): LRN 100000000099 and 100000000100. No Approved records at start.
A39: SF10 demo learner | B39: LRN 100000000001 (Adrian Aguilar). Sample Grade 4 and 5 history; readiness PARTIAL.
A40: Sample e-class record | B40: 03-Testing/UAT-files/ - one ready-made file per test case; the file name starts with the TC ID (see README.md in that folder).
A41: Before starting | B41: Back up the database so testing can be repeated from the same state.

Sheet Test Cases
A1: TC ID | B1: Module | C1: Role | D1: Platform | E1: ISO 25010 | F1: SPMP / Ref | G1: Test Case | H1: Preconditions | I1: Steps | J1: Test Data | K1: Expected Result | L1: Actual Result | M1: Status | N1: Tester | O1: Date | P1: Defect ID | Q1: Remarks
A2: TC-001 | B2: Authentication | C2: All | D2: Web | E2: Security | F2: EPIC-01, US-001 | G2: Log in with valid credentials | H2: Active account exists. | I2: 1. Open the login page. 2. Enter a valid username and password. 3. Click Sign in. | J2: Any test account | K2: The user lands on the Dashboard for their role. The sidebar shows only that role's menu items.
A3: TC-002 | B3: Authentication | C3: All | D3: Web | E3: Security | F3: EPIC-01, US-001 | G3: Log in with a wrong password | H3: Active account exists. | I3: 1. Enter a valid username and a wrong password. 2. Click Sign in. | J3: Valid username, wrong password | K3: Login fails with "Invalid username or password." The message does not say which field was wrong.
A4: TC-003 | B4: Authentication | C4: All | D4: Web | E4: Usability | F4: EPIC-01 | G4: Log in with empty fields | H4: None. | I4: 1. Leave username and/or password empty. 2. Click Sign in. | J4: Blank fields | K4: Login is not attempted. The user is asked to fill in both fields.
A5: TC-004 | B5: Authentication | C5: Admin | D5: Web | E5: Security | F5: EPIC-01, US-001 | G5: Inactive account cannot log in | H5: Admin has set a test account to Inactive in User Management. | I5: 1. Log in with the inactive account's correct password. | J5: Inactive test account | K5: Login fails with "This account is inactive."
A6: TC-005 | B6: Authentication | C6: All | D6: Web | E6: Security | F6: EPIC-01 / ISO 25010 | G6: Repeated failed logins are locked out | H6: None. | I6: 1. Enter a wrong password 11 times in a row within 15 minutes. | J6: Valid username, wrong password | K6: After 10 failures the page shows "Too many login attempts. Please try again in a few minutes." (see Known Limitations D-07).
A7: TC-006 | B7: Authentication | C7: All | D7: Web | E7: Security | F7: §6.2 | G7: Log out ends the session | H7: Logged in. | I7: 1. Click Log out. 2. Press the browser Back button. 3. Try to open /dashboard directly. | J7: - | K7: The user is returned to the login page and cannot reach any protected page without logging in again.
A8: TC-007 | B8: Authentication | C8: Subject Teacher | D8: Web | E8: Security | F8: §6.2, US-011 | G8: A role cannot open another role's page by URL | H8: Logged in as Subject Teacher. | I8: 1. Type /users in the address bar. 2. Type /audit-log. 3. Type /consolidated-records. | J8: subject.grade6a | K8: Each attempt redirects to the user's own Dashboard. No Admin or Adviser data is shown.
A9: TC-008 | B9: Account | C9: All | D9: Web | E9: Security | F9: EPIC-01 | G9: Change own password | H9: Logged in. | I9: 1. Open Settings. 2. Enter the current password and a new password with at least 8 characters, a letter and a number. 3. Save. 4. Log out and log in with the new password. | J9: New password e.g. Educheck2026 | K9: Password is changed. The old password no longer works and the new one does.
A10: TC-009 | B10: Account | C10: Subject Teacher | D10: Web | E10: Functional suitability | F10: EPIC-01 | G10: Settings shows own profile and assignments | H10: Teacher profile and assignments exist. | I10: 1. Open Settings. 2. Check Account Information and My Assignments. 3. Open the Dashboard. | J10: subject.grade6a | K10: Full name, employee no. and contact number are shown read-only, with a note to ask the Administrator for changes. My Assignments lists only this teacher's sections and subjects with the school year. The Dashboard header shows the full name.
A11: TC-010 | B11: Account | C11: Principal | D11: Web | E11: Functional suitability | F11: L-05 | G11: Account without a teacher profile | H11: Logged in as Principal or Admin. | I11: 1. Open Settings. | J11: principal.educheck | K11: Username, email, role and status are shown. No name rows and no My Assignments card appear. Nothing is broken or blank.
A12: TC-011 | B12: Account | C12: All | D12: Web | E12: Security | F12: EPIC-01 | G12: Weak new password is rejected | H12: Logged in. | I12: 1. Open Settings. 2. Try a new password with fewer than 8 characters or no number. | J12: e.g. abcdefg | K12: The change is refused with a message explaining the password rule.
A13: TC-012 | B13: User Management | C13: Admin | D13: Web | E13: Functional suitability | F13: §6.2 | G13: Create a user account | H13: Logged in as Admin. | I13: 1. Open User Management. 2. Click Add User and fill in username, email, password and role. 3. Save. | J13: New test user | K13: The user appears in the list with the chosen role and Active status, and can log in.
... A68: TC-067 | B68: Security | C68: All | D68: Web | E68: Security | F68: ISO 25010 | G68: Session expires | H68: Logged in. | I68: 1. Leave the session idle for more than 8 hours (or clear the token), then click a menu item. | J68: - | K68: The user is asked to log in again.

Sheet Summary
A1: Test Summary
A2: Counts update from the Status column of the Test Cases sheet.
A4: Overall
A5: Total test cases | B5: =COUNTA('Test Cases'!$A$2:$A$68)
A6: Pass | B6: =COUNTIF('Test Cases'!$M$2:$M$68,"Pass")
A7: Fail | B7: =COUNTIF('Test Cases'!$M$2:$M$68,"Fail")
A8: Blocked | B8: =COUNTIF('Test Cases'!$M$2:$M$68,"Blocked")
A9: Not Run (or blank) | B9: =B5-B6-B7-B8
A10: Executed (Pass + Fail) | B10: =B6+B7
A11: Pass rate of executed | B11: =IF(B10=0,"-",B6/B10)
A12: Progress (executed or blocked) | B12: =IF(B5=0,"-",(B10+B8)/B5)
A15: Results by module
A16: Module | B16: Total | C16: Pass | D16: Fail | E16: Blocked | F16: Not Run | G16: Pass rate
A17: Authentication | B17: =COUNTIF('Test Cases'!$B$2:$B$68,A17) | C17: =COUNTIFS('Test Cases'!$B$2:$B$68,A17,'Test Cases'!$M$2:$M$68,"Pass") | D17: =COUNTIFS('Test Cases'!$B$2:$B$68,A17,'Test Cases'!$M$2:$M$68,"Fail") | E17: =COUNTIFS('Test Cases'!$B$2:$B$68,A17,'Test Cases'!$M$2:$M$68,"Blocked") | F17: =B17-C17-D17-E17 | G17: =IF(C17+D17=0,"-",C17/(C17+D17))
A18: Account | B18: =COUNTIF('Test Cases'!$B$2:$B$68,A18) | C18: =COUNTIFS('Test Cases'!$B$2:$B$68,A18,'Test Cases'!$M$2:$M$68,"Pass") | D18: =COUNTIFS('Test Cases'!$B$2:$B$68,A18,'Test Cases'!$M$2:$M$68,"Fail") | E18: =COUNTIFS('Test Cases'!$B$2:$B$68,A18,'Test Cases'!$M$2:$M$68,"Blocked") | F18: =B18-C18-D18-E18 | G18: =IF(C18+D18=0,"-",C18/(C18+D18))
A19: User Management | B19: =COUNTIF('Test Cases'!$B$2:$B$68,A19) | C19: =COUNTIFS('Test Cases'!$B$2:$B$68,A19,'Test Cases'!$M$2:$M$68,"Pass") | D19: =COUNTIFS('Test Cases'!$B$2:$B$68,A19,'Test Cases'!$M$2:$M$68,"Fail") | E19: =COUNTIFS('Test Cases'!$B$2:$B$68,A19,'Test Cases'!$M$2:$M$68,"Blocked") | F19: =B19-C19-D19-E19 | G19: =IF(C19+D19=0,"-",C19/(C19+D19))
A20: Teacher Management | B20: =COUNTIF('Test Cases'!$B$2:$B$68,A20) | C20: =COUNTIFS('Test Cases'!$B$2:$B$68,A20,'Test Cases'!$M$2:$M$68,"Pass") | D20: =COUNTIFS('Test Cases'!$B$2:$B$68,A20,'Test Cases'!$M$2:$M$68,"Fail") | E20: =COUNTIFS('Test Cases'!$B$2:$B$68,A20,'Test Cases'!$M$2:$M$68,"Blocked") | F20: =B20-C20-D20-E20 | G20: =IF(C20+D20=0,"-",C20/(C20+D20))
A21: Section & Assignments | B21: =COUNTIF('Test Cases'!$B$2:$B$68,A21) | C21: =COUNTIFS('Test Cases'!$B$2:$B$68,A21,'Test Cases'!$M$2:$M$68,"Pass") | D21: =COUNTIFS('Test Cases'!$B$2:$B$68,A21,'Test Cases'!$M$2:$M$68,"Fail") | E21: =COUNTIFS('Test Cases'!$B$2:$B$68,A21,'Test Cases'!$M$2:$M$68,"Blocked") | F21: =B21-C21-D21-E21 | G21: =IF(C21+D21=0,"-",C21/(C21+D21))
A22: Audit Log | B22: =COUNTIF('Test Cases'!$B$2:$B$68,A22) | C22: =COUNTIFS('Test Cases'!$B$2:$B$68,A22,'Test Cases'!$M$2:$M$68,"Pass") | D22: =COUNTIFS('Test Cases'!$B$2:$B$68,A22,'Test Cases'!$M$2:$M$68,"Fail") | E22: =COUNTIFS('Test Cases'!$B$2:$B$68,A22,'Test Cases'!$M$2:$M$68,"Blocked") | F22: =B22-C22-D22-E22 | G22: =IF(C22+D22=0,"-",C22/(C22+D22))
A23: Upload | B23: =COUNTIF('Test Cases'!$B$2:$B$68,A23) | C23: =COUNTIFS('Test Cases'!$B$2:$B$68,A23,'Test Cases'!$M$2:$M$68,"Pass") | D23: =COUNTIFS('Test Cases'!$B$2:$B$68,A23,'Test Cases'!$M$2:$M$68,"Fail") | E23: =COUNTIFS('Test Cases'!$B$2:$B$68,A23,'Test Cases'!$M$2:$M$68,"Blocked") | F23: =B23-C23-D23-E23 | G23: =IF(C23+D23=0,"-",C23/(C23+D23))
A24: Validation | B24: =COUNTIF('Test Cases'!$B$2:$B$68,A24) | C24: =COUNTIFS('Test Cases'!$B$2:$B$68,A24,'Test Cases'!$M$2:$M$68,"Pass") | D24: =COUNTIFS('Test Cases'!$B$2:$B$68,A24,'Test Cases'!$M$2:$M$68,"Fail") | E24: =COUNTIFS('Test Cases'!$B$2:$B$68,A24,'Test Cases'!$M$2:$M$68,"Blocked") | F24: =B24-C24-D24-E24 | G24: =IF(C24+D24=0,"-",C24/(C24+D24))
A25: Consolidation | B25: =COUNTIF('Test Cases'!$B$2:$B$68,A25) | C25: =COUNTIFS('Test Cases'!$B$2:$B$68,A25,'Test Cases'!$M$2:$M$68,"Pass") | D25: =COUNTIFS('Test Cases'!$B$2:$B$68,A25,'Test Cases'!$M$2:$M$68,"Fail") | E25: =COUNTIFS('Test Cases'!$B$2:$B$68,A25,'Test Cases'!$M$2:$M$68,"Blocked") | F25: =B25-C25-D25-E25 | G25: =IF(C25+D25=0,"-",C25/(C25+D25))
A26: Submission | B26: =COUNTIF('Test Cases'!$B$2:$B$68,A26) | C26: =COUNTIFS('Test Cases'!$B$2:$B$68,A26,'Test Cases'!$M$2:$M$68,"Pass") | D26: =COUNTIFS('Test Cases'!$B$2:$B$68,A26,'Test Cases'!$M$2:$M$68,"Fail") | E26: =COUNTIFS('Test Cases'!$B$2:$B$68,A26,'Test Cases'!$M$2:$M$68,"Blocked") | F26: =B26-C26-D26-E26 | G26: =IF(C26+D26=0,"-",C26/(C26+D26))
A27: Section Progress | B27: =COUNTIF('Test Cases'!$B$2:$B$68,A27) | C27: =COUNTIFS('Test Cases'!$B$2:$B$68,A27,'Test Cases'!$M$2:$M$68,"Pass") | D27: =COUNTIFS('Test Cases'!$B$2:$B$68,A27,'Test Cases'!$M$2:$M$68,"Fail") | E27: =COUNTIFS('Test Cases'!$B$2:$B$68,A27,'Test Cases'!$M$2:$M$68,"Blocked") | F27: =B27-C27-D27-E27 | G27: =IF(C27+D27=0,"-",C27/(C27+D27))
A28: Submission Review | B28: =COUNTIF('Test Cases'!$B$2:$B$68,A28) | C28: =COUNTIFS('Test Cases'!$B$2:$B$68,A28,'Test Cases'!$M$2:$M$68,"Pass") | D28: =COUNTIFS('Test Cases'!$B$2:$B$68,A28,'Test Cases'!$M$2:$M$68,"Fail") | E28: =COUNTIFS('Test Cases'!$B$2:$B$68,A28,'Test Cases'!$M$2:$M$68,"Blocked") | F28: =B28-C28-D28-E28 | G28: =IF(C28+D28=0,"-",C28/(C28+D28))
... A38: Security | B38: =COUNTIF('Test Cases'!$B$2:$B$68,A38) | C38: =COUNTIFS('Test Cases'!$B$2:$B$68,A38,'Test Cases'!$M$2:$M$68,"Pass") | D38: =COUNTIFS('Test Cases'!$B$2:$B$68,A38,'Test Cases'!$M$2:$M$68,"Fail") | E38: =COUNTIFS('Test Cases'!$B$2:$B$68,A38,'Test Cases'!$M$2:$M$68,"Blocked") | F38: =B38-C38-D38-E38 | G38: =IF(C38+D38=0,"-",C38/(C38+D38))
A41: Results by ISO 25010 characteristic
A42: Iso 25010 characteristic | B42: Total | C42: Pass | D42: Fail | E42: Blocked | F42: Not Run | G42: Pass rate
A43: Security | B43: =COUNTIF('Test Cases'!$E$2:$E$68,A43) | C43: =COUNTIFS('Test Cases'!$E$2:$E$68,A43,'Test Cases'!$M$2:$M$68,"Pass") | D43: =COUNTIFS('Test Cases'!$E$2:$E$68,A43,'Test Cases'!$M$2:$M$68,"Fail") | E43: =COUNTIFS('Test Cases'!$E$2:$E$68,A43,'Test Cases'!$M$2:$M$68,"Blocked") | F43: =B43-C43-D43-E43 | G43: =IF(C43+D43=0,"-",C43/(C43+D43))
A44: Usability | B44: =COUNTIF('Test Cases'!$E$2:$E$68,A44) | C44: =COUNTIFS('Test Cases'!$E$2:$E$68,A44,'Test Cases'!$M$2:$M$68,"Pass") | D44: =COUNTIFS('Test Cases'!$E$2:$E$68,A44,'Test Cases'!$M$2:$M$68,"Fail") | E44: =COUNTIFS('Test Cases'!$E$2:$E$68,A44,'Test Cases'!$M$2:$M$68,"Blocked") | F44: =B44-C44-D44-E44 | G44: =IF(C44+D44=0,"-",C44/(C44+D44))
A45: Functional suitability | B45: =COUNTIF('Test Cases'!$E$2:$E$68,A45) | C45: =COUNTIFS('Test Cases'!$E$2:$E$68,A45,'Test Cases'!$M$2:$M$68,"Pass") | D45: =COUNTIFS('Test Cases'!$E$2:$E$68,A45,'Test Cases'!$M$2:$M$68,"Fail") | E45: =COUNTIFS('Test Cases'!$E$2:$E$68,A45,'Test Cases'!$M$2:$M$68,"Blocked") | F45: =B45-C45-D45-E45 | G45: =IF(C45+D45=0,"-",C45/(C45+D45))
A46: Compatibility | B46: =COUNTIF('Test Cases'!$E$2:$E$68,A46) | C46: =COUNTIFS('Test Cases'!$E$2:$E$68,A46,'Test Cases'!$M$2:$M$68,"Pass") | D46: =COUNTIFS('Test Cases'!$E$2:$E$68,A46,'Test Cases'!$M$2:$M$68,"Fail") | E46: =COUNTIFS('Test Cases'!$E$2:$E$68,A46,'Test Cases'!$M$2:$M$68,"Blocked") | F46: =B46-C46-D46-E46 | G46: =IF(C46+D46=0,"-",C46/(C46+D46))
A47: Reliability | B47: =COUNTIF('Test Cases'!$E$2:$E$68,A47) | C47: =COUNTIFS('Test Cases'!$E$2:$E$68,A47,'Test Cases'!$M$2:$M$68,"Pass") | D47: =COUNTIFS('Test Cases'!$E$2:$E$68,A47,'Test Cases'!$M$2:$M$68,"Fail") | E47: =COUNTIFS('Test Cases'!$E$2:$E$68,A47,'Test Cases'!$M$2:$M$68,"Blocked") | F47: =B47-C47-D47-E47 | G47: =IF(C47+D47=0,"-",C47/(C47+D47))
A48: Performance efficiency | B48: =COUNTIF('Test Cases'!$E$2:$E$68,A48) | C48: =COUNTIFS('Test Cases'!$E$2:$E$68,A48,'Test Cases'!$M$2:$M$68,"Pass") | D48: =COUNTIFS('Test Cases'!$E$2:$E$68,A48,'Test Cases'!$M$2:$M$68,"Fail") | E48: =COUNTIFS('Test Cases'!$E$2:$E$68,A48,'Test Cases'!$M$2:$M$68,"Blocked") | F48: =B48-C48-D48-E48 | G48: =IF(C48+D48=0,"-",C48/(C48+D48))

Sheet Defect Log
A1: Defect ID | B1: TC ID | C1: Severity | D1: Summary | E1: Steps to Reproduce | F1: Expected | G1: Actual | H1: Found By | I1: Date Found | J1: Status | K1: Fixed In (commit) | L1: Retest Result | M1: Remarks
A2: DEF-001
A3: DEF-002
A4: DEF-003
A5: DEF-004
A6: DEF-005
A7: DEF-006
A8: DEF-007
A9: DEF-008
A10: DEF-009
A11: DEF-010
A12: DEF-011
A13: DEF-012
... A63: Severity guide
A64: Critical | B64: Wrong grades saved or shown, data lost, or a user sees/changes data they should not.
A65: High | B65: A main task (upload, submit, approve, SF10) cannot be completed.
A66: Medium | B66: A task works but with a wrong message, wrong count or a workaround.
A67: Low | B67: Cosmetic: layout, wording, alignment.
